spend_id,campaign_id,spend_date,channel,impressions,clicks,conversions,spend_amount,updated_at
SPEND-0000001,CMP-0001,2023-12-15,Email,95782,4023,511,1604.15,2023-12-17 00:00:00
SPEND-0000002,CMP-0001,2023-12-21,Email,79952,4526,650,2081.16,2023-12-28 00:00:00
SPEND-0000003,CMP-0001,2023-12-25,Email,60508,3746,153,614.49,2024-01-01 00:00:00
SPEND-0000004,CMP-0001,2023-12-26,Email,127662,9116,797,2195.16,2024-01-02 00:00:00
SPEND-0000005,CMP-0001,2023-12-28,Email,143238,8466,493,1721.26,2023-12-29 00:00:00
SPEND-0000006,CMP-0001,2023-12-30,Email,10539,421,9,212.29,2024-01-08 00:00:00
SPEND-0000007,CMP-0001,2024-01-05,Email,66083,4065,446,1251.09,2024-01-11 00:00:00
SPEND-0000008,CMP-0001,2024-01-07,Email,130620,6233,102,1354.28,2024-01-08 00:00:00
SPEND-0000009,CMP-0001,2024-01-24,Email,66600,3503,354,663.65,2024-01-29 00:00:00
SPEND-0000010,CMP-0001,2024-01-25,Email,75046,3891,506,1319.58,2024-01-31 00:00:00
SPEND-0000011,CMP-0001,2024-02-03,Email,102614,6330,153,894.31,2024-02-06 00:00:00
SPEND-0000012,CMP-0001,2024-02-08,Email,77591,4541,195,722.15,2024-02-12 00:00:00
SPEND-0000013,CMP-0001,2024-02-14,Email,43800,609,32,514.39,2024-02-18 00:00:00
SPEND-0000014,CMP-0002,2024-12-13,Paid Social,119617,3032,357,1250.78,2024-12-20 00:00:00
SPEND-0000015,CMP-0002,2024-12-17,Paid Social,151607,10791,639,1429.51,2024-12-22 00:00:00
SPEND-0000016,CMP-0002,2024-12-19,Paid Social,158948,4367,475,1849.39,2024-12-19 00:00:00
SPEND-0000017,CMP-0002,2024-12-20,Paid Social,137774,8591,433,1982.83,2024-12-26 00:00:00
SPEND-0000018,CMP-0002,2024-12-21,Paid Social,100783,4847,106,1150.08,2024-12-29 00:00:00
SPEND-0000019,CMP-0002,2024-12-23,Paid Social,96096,7005,473,819.3,2024-12-26 00:00:00
SPEND-0000020,CMP-0002,2024-12-25,Paid Social,156003,5384,691,1903.92,2024-12-31 00:00:00
SPEND-0000021,CMP-0002,2024-12-27,Paid Social,45103,3231,380,914.31,2025-01-05 00:00:00
SPEND-0000022,CMP-0002,2024-12-30,Paid Social,20723,1086,114,580.08,2024-12-30 00:00:00
SPEND-0000023,CMP-0002,2025-01-02,Paid Social,75578,2650,159,1570.43,2025-01-04 00:00:00
SPEND-0000024,CMP-0002,2025-01-03,Paid Social,124701,3351,416,2084.41,2025-01-05 00:00:00
SPEND-0000025,CMP-0002,2025-01-06,Paid Social,68165,800,68,1747.86,2025-01-06 00:00:00
SPEND-0000026,CMP-0002,2025-01-07,Paid Social,112398,3189,362,2302.05,2025-01-07 00:00:00
SPEND-0000027,CMP-0002,2025-01-10,Paid Social,94953,2740,191,1228.8,2025-01-18 00:00:00
SPEND-0000028,CMP-0002,2025-01-14,Paid Social,18455,1056,90,407.23,2025-01-22 00:00:00
SPEND-0000029,CMP-0002,2025-01-18,Paid Social,55921,2334,220,1584.47,2025-01-25 00:00:00
SPEND-0000030,CMP-0002,2025-01-24,Paid Social,46259,2843,413,397.85,2025-01-30 00:00:00
SPEND-0000031,CMP-0002,2025-01-25,Paid Social,101239,6604,980,2011.55,2025-01-30 00:00:00
SPEND-0000032,CMP-0002,2025-01-30,Paid Social,11109,159,17,124.16,2025-01-30 00:00:00
SPEND-0000033,CMP-0002,2025-02-03,Paid Social,38374,553,60,498.49,2025-02-11 00:00:00
SPEND-0000034,CMP-0002,2025-02-06,Paid Social,41733,1230,51,354.86,2025-02-13 00:00:00
SPEND-0000035,CMP-0002,2025-02-17,Paid Social,120344,7039,989,1574.58,2025-02-26 00:00:00
SPEND-0000036,CMP-0002,2025-02-22,Paid Social,127673,4410,402,1957.14,2025-02-28 00:00:00
SPEND-0000037,CMP-0002,2025-03-04,Paid Social,36258,1356,180,778.53,2025-03-09 00:00:00
SPEND-0000038,CMP-0002,2025-03-05,Paid Social,48205,1270,131,721.07,2025-03-12 00:00:00
SPEND-0000039,CMP-0002,2025-03-13,Paid Social,50425,2648,418,497.98,2025-03-22 00:00:00
SPEND-0000040,CMP-0002,2025-03-15,Paid Social,34906,2167,317,311.04,2025-03-21 00:00:00
SPEND-0000041,CMP-0002,2025-03-16,Paid Social,51609,788,12,732.55,2025-03-23 00:00:00
SPEND-0000042,CMP-0002,2025-03-17,Paid Social,239770,3225,261,2277.12,2025-03-20 00:00:00
SPEND-0000043,CMP-0002,2025-03-19,Paid Social,85482,6366,485,769.79,2025-03-21 00:00:00
SPEND-0000044,CMP-0002,2025-03-23,Paid Social,96697,5760,128,1969.68,2025-03-31 00:00:00
SPEND-0000045,CMP-0002,2025-03-25,Paid Social,56464,897,54,1399.36,2025-03-28 00:00:00
SPEND-0000046,CMP-0002,2025-03-26,Paid Social,62926,1842,72,1181.94,2025-04-01 00:00:00
SPEND-0000047,CMP-0003,2025-11-09,Organic,119567,3253,147,1407.45,2025-11-11 00:00:00
SPEND-0000048,CMP-0003,2025-11-14,Organic,37228,1618,217,876.6,2025-11-20 00:00:00
SPEND-0000049,CMP-0003,2025-11-15,Organic,7608,301,44,130.77,2025-11-21 00:00:00
SPEND-0000050,CMP-0003,2025-11-20,Organic,19631,853,81,475.32,2025-11-25 00:00:00
SPEND-0000051,CMP-0003,2025-11-21,Organic,48651,2570,115,1335.34,2025-11-30 00:00:00
SPEND-0000052,CMP-0003,2025-11-22,Organic,142749,9395,380,1968.41,2025-11-30 00:00:00
SPEND-0000053,CMP-0003,2025-11-24,Organic,66102,2629,298,1709.1,2025-11-29 00:00:00
SPEND-0000054,CMP-0003,2025-12-05,Organic,67187,687,31,1525.62,2025-12-11 00:00:00
SPEND-0000055,CMP-0003,2025-12-17,Organic,54335,1426,69,1467.55,2025-12-19 00:00:00
SPEND-0000056,CMP-0003,2025-12-18,Organic,131633,7410,997,2019.85,2025-12-21 00:00:00
SPEND-0000057,CMP-0003,2025-12-20,Organic,33343,2163,150,340.89,2025-12-27 00:00:00
SPEND-0000058,CMP-0003,2025-12-25,Organic,200264,11133,1049,2139.49,2025-12-30 00:00:00
SPEND-0000059,CMP-0003,2025-12-26,Organic,84855,5451,344,824.84,2025-12-29 00:00:00
SPEND-0000060,CMP-0003,2025-12-29,Organic,149036,3333,354,1545.06,2025-12-31 00:00:00
SPEND-0000061,CMP-0003,2025-12-30,Organic,44142,1317,114,713.64,2026-01-02 00:00:00
SPEND-0000062,CMP-0004,2025-06-20,Paid Search,127948,4042,624,1792.4,2025-06-21 00:00:00
SPEND-0000063,CMP-0004,2025-06-23,Paid Search,41872,968,153,555.85,2025-06-30 00:00:00
SPEND-0000064,CMP-0004,2025-06-25,Paid Search,58988,1701,156,1407.18,2025-07-04 00:00:00
SPEND-0000065,CMP-0004,2025-06-29,Paid Search,55141,1303,205,591.33,2025-07-04 00:00:00
SPEND-0000066,CMP-0004,2025-07-03,Paid Search,145529,4737,192,1992.92,2025-07-08 00:00:00
SPEND-0000067,CMP-0004,2025-07-04,Paid Search,202120,8378,1213,1830.89,2025-07-04 00:00:00
SPEND-0000068,CMP-0004,2025-07-05,Paid Search,194405,4867,649,2282.26,2025-07-08 00:00:00
SPEND-0000069,CMP-0004,2025-07-07,Paid Search,114514,3639,118,2235.97,2025-07-09 00:00:00
SPEND-0000070,CMP-0004,2025-07-08,Paid Search,57364,1951,207,736.85,2025-07-11 00:00:00
SPEND-0000071,CMP-0004,2025-07-09,Paid Search,124010,8682,1240,1401.23,2025-07-12 00:00:00
SPEND-0000072,CMP-0004,2025-07-11,Paid Search,52094,763,36,694.27,2025-07-13 00:00:00
SPEND-0000073,CMP-0004,2025-07-19,Paid Search,227683,15499,903,2294.06,2025-07-21 00:00:00
SPEND-0000074,CMP-0005,2024-06-18,Direct,107141,1819,111,1552.01,2024-06-26 00:00:00
SPEND-0000075,CMP-0005,2024-06-24,Direct,185547,6618,958,2265.0,2024-06-30 00:00:00
SPEND-0000076,CMP-0005,2024-07-03,Direct,22715,673,18,542.16,2024-07-05 00:00:00
SPEND-0000077,CMP-0005,2024-07-06,Direct,32571,680,34,639.39,2024-07-10 00:00:00
SPEND-0000078,CMP-0005,2024-07-07,Direct,46845,2311,270,1332.91,2024-07-16 00:00:00
SPEND-0000079,CMP-0005,2024-07-08,Direct,93667,4526,264,1257.97,2024-07-15 00:00:00
SPEND-0000080,CMP-0005,2024-07-10,Direct,27032,1786,152,345.67,2024-07-15 00:00:00
SPEND-0000081,CMP-0005,2024-07-12,Direct,23164,1620,101,570.23,2024-07-14 00:00:00
SPEND-0000082,CMP-0005,2024-07-22,Direct,249540,9429,718,2163.74,2024-07-28 00:00:00
SPEND-0000083,CMP-0005,2024-07-30,Direct,82972,2542,146,1560.25,2024-08-02 00:00:00
SPEND-0000084,CMP-0005,2024-07-31,Direct,39204,1703,48,948.61,2024-08-03 00:00:00
SPEND-0000085,CMP-0005,2024-08-02,Direct,102929,1722,170,1054.99,2024-08-09 00:00:00
SPEND-0000086,CMP-0005,2024-08-03,Direct,44137,1602,174,523.75,2024-08-11 00:00:00
SPEND-0000087,CMP-0005,2024-08-06,Direct,165078,8763,457,2172.17,2024-08-06 00:00:00
SPEND-0000088,CMP-0005,2024-08-14,Direct,201961,14560,1901,1757.74,2024-08-17 00:00:00
SPEND-0000089,CMP-0005,2024-08-17,Direct,29136,1701,95,505.83,2024-08-21 00:00:00
SPEND-0000090,CMP-0005,2024-08-21,Direct,42659,1258,118,731.96,2024-08-21 00:00:00
SPEND-0000091,CMP-0005,2024-08-25,Direct,66680,4245,185,983.21,2024-08-31 00:00:00
SPEND-0000092,CMP-0005,2024-08-28,Direct,123079,4776,696,1496.94,2024-08-31 00:00:00
SPEND-0000093,CMP-0005,2024-08-31,Direct,135296,8554,689,1942.11,2024-08-31 00:00:00
SPEND-0000094,CMP-0006,2025-10-17,Paid Search,133092,1597,129,1585.74,2025-10-17 00:00:00
SPEND-0000095,CMP-0006,2025-10-20,Paid Search,88719,5620,136,1342.19,2025-10-21 00:00:00
SPEND-0000096,CMP-0006,2025-10-21,Paid Search,115592,6000,243,1070.36,2025-10-26 00:00:00
SPEND-0000097,CMP-0006,2025-10-22,Paid Search,68136,3222,103,858.49,2025-10-30 00:00:00
SPEND-0000098,CMP-0006,2025-11-02,Paid Search,150384,7594,859,1614.59,2025-11-08 00:00:00
SPEND-0000099,CMP-0006,2025-11-08,Paid Search,34489,885,59,614.33,2025-11-10 00:00:00
SPEND-0000100,CMP-0006,2025-11-18,Paid Search,77385,1052,145,660.23,2025-11-23 00:00:00
SPEND-0000101,CMP-0006,2025-11-27,Paid Search,92248,6313,155,1489.5,2025-11-30 00:00:00
SPEND-0000102,CMP-0006,2025-12-06,Paid Search,80882,2586,133,693.17,2025-12-14 00:00:00
SPEND-0000103,CMP-0006,2025-12-14,Paid Search,22140,649,35,346.64,2025-12-16 00:00:00
SPEND-0000104,CMP-0006,2025-12-15,Paid Search,22995,1241,145,268.85,2025-12-23 00:00:00
SPEND-0000105,CMP-0006,2025-12-16,Paid Search,174892,12859,1859,1581.57,2025-12-17 00:00:00
SPEND-0000106,CMP-0006,2025-12-18,Paid Search,46198,1372,26,398.02,2025-12-18 00:00:00
SPEND-0000107,CMP-0006,2025-12-19,Paid Search,73311,5419,652,792.87,2025-12-22 00:00:00
SPEND-0000108,CMP-0006,2025-12-30,Paid Search,81640,4589,249,1652.61,2025-12-30 00:00:00
SPEND-0000109,CMP-0006,2025-12-31,Paid Search,120331,2712,391,1084.8,2026-01-02 00:00:00
SPEND-0000110,CMP-0007,2024-04-12,Paid Social,90077,4565,416,2269.88,2024-04-19 00:00:00
SPEND-0000111,CMP-0007,2024-04-15,Paid Social,73347,853,57,956.09,2024-04-17 00:00:00
SPEND-0000112,CMP-0007,2024-04-18,Paid Social,80377,3241,506,1046.2,2024-04-25 00:00:00
SPEND-0000113,CMP-0007,2024-04-30,Paid Social,201492,6048,356,1707.32,2024-05-08 00:00:00
SPEND-0000114,CMP-0007,2024-05-01,Paid Social,107516,5947,651,1157.35,2024-05-04 00:00:00
SPEND-0000115,CMP-0007,2024-05-03,Paid Social,36079,1339,90,585.62,2024-05-04 00:00:00
SPEND-0000116,CMP-0007,2024-05-06,Paid Social,149309,4382,539,1627.22,2024-05-11 00:00:00
SPEND-0000117,CMP-0007,2024-05-12,Paid Social,14506,882,99,160.24,2024-05-15 00:00:00
SPEND-0000118,CMP-0007,2024-05-14,Paid Social,36990,2278,58,516.63,2024-05-23 00:00:00
SPEND-0000119,CMP-0007,2024-05-16,Paid Social,8797,431,36,172.86,2024-05-25 00:00:00
SPEND-0000120,CMP-0007,2024-05-19,Paid Social,108285,6912,1070,1473.06,2024-05-28 00:00:00
SPEND-0000121,CMP-0007,2024-05-25,Paid Social,98212,4947,643,1460.26,2024-06-01 00:00:00
SPEND-0000122,CMP-0007,2024-05-27,Paid Social,68076,3735,165,1907.17,2024-06-04 00:00:00
SPEND-0000123,CMP-0007,2024-05-28,Paid Social,210642,2193,137,1809.46,2024-06-02 00:00:00
SPEND-0000124,CMP-0007,2024-06-08,Paid Social,22397,437,14,222.79,2024-06-08 00:00:00
SPEND-0000125,CMP-0007,2024-06-11,Paid Social,73708,2803,107,1727.74,2024-06-11 00:00:00
SPEND-0000126,CMP-0007,2024-06-21,Paid Social,72995,1723,239,1544.53,2024-06-21 00:00:00
SPEND-0000127,CMP-0007,2024-06-24,Paid Social,15635,346,16,160.55,2024-06-24 00:00:00
SPEND-0000128,CMP-0007,2024-07-03,Paid Social,7685,265,35,98.01,2024-07-12 00:00:00
SPEND-0000129,CMP-0007,2024-07-04,Paid Social,95141,2166,76,2395.91,2024-07-05 00:00:00
SPEND-0000130,CMP-0008,2024-05-26,Partner,22785,1357,45,261.86,2024-05-27 00:00:00
SPEND-0000131,CMP-0008,2024-05-29,Partner,90249,3293,463,1257.48,2024-05-30 00:00:00
SPEND-0000132,CMP-0008,2024-06-01,Partner,22637,1421,100,232.09,2024-06-10 00:00:00
SPEND-0000133,CMP-0008,2024-06-02,Partner,82915,3507,82,1441.6,2024-06-08 00:00:00
SPEND-0000134,CMP-0008,2024-06-03,Partner,77852,2142,159,1958.4,2024-06-06 00:00:00
SPEND-0000135,CMP-0008,2024-06-04,Partner,113610,7886,664,1316.54,2024-06-08 00:00:00
SPEND-0000136,CMP-0008,2024-06-05,Partner,67856,4368,279,1593.55,2024-06-11 00:00:00
SPEND-0000137,CMP-0008,2024-06-11,Partner,234113,8229,662,2355.48,2024-06-16 00:00:00
SPEND-0000138,CMP-0008,2024-06-15,Partner,37063,1669,168,418.02,2024-06-21 00:00:00
SPEND-0000139,CMP-0008,2024-06-16,Partner,104333,3960,145,1728.11,2024-06-18 00:00:00
SPEND-0000140,CMP-0008,2024-06-17,Partner,86846,4112,553,1738.99,2024-06-22 00:00:00
SPEND-0000141,CMP-0008,2024-06-26,Partner,162857,12184,527,1483.45,2024-07-01 00:00:00
SPEND-0000142,CMP-0008,2024-06-29,Partner,77997,988,67,1185.14,2024-07-05 00:00:00
SPEND-0000143,CMP-0008,2024-07-01,Partner,215596,2016,145,2055.32,2024-07-07 00:00:00
SPEND-0000144,CMP-0008,2024-07-02,Partner,187103,13784,894,2280.79,2024-07-09 00:00:00
SPEND-0000145,CMP-0008,2024-07-03,Partner,122242,3353,262,1137.05,2024-07-06 00:00:00
SPEND-0000146,CMP-0008,2024-07-06,Partner,120066,4240,604,1902.57,2024-07-13 00:00:00
SPEND-0000147,CMP-0008,2024-07-07,Partner,54997,3943,437,1349.5,2024-07-10 00:00:00
SPEND-0000148,CMP-0008,2024-07-08,Partner,240694,14237,492,2313.72,2024-07-10 00:00:00
SPEND-0000149,CMP-0009,2024-03-16,Paid Social,146180,7286,1007,1836.7,2024-03-22 00:00:00
SPEND-0000150,CMP-0009,2024-03-17,Paid Social,133921,8226,142,2135.28,2024-03-26 00:00:00
SPEND-0000151,CMP-0009,2024-03-18,Paid Social,58480,1378,194,760.27,2024-03-19 00:00:00
SPEND-0000152,CMP-0009,2024-03-19,Paid Social,93781,5739,673,1337.05,2024-03-26 00:00:00
SPEND-0000153,CMP-0009,2024-03-20,Paid Social,51240,1439,186,831.01,2024-03-27 00:00:00
SPEND-0000154,CMP-0009,2024-03-21,Paid Social,43891,1826,83,965.93,2024-03-25 00:00:00
SPEND-0000155,CMP-0009,2024-03-23,Paid Social,75368,5277,416,1297.89,2024-03-28 00:00:00
SPEND-0000156,CMP-0009,2024-03-24,Paid Social,125816,6381,132,1314.6,2024-03-31 00:00:00
SPEND-0000157,CMP-0009,2024-03-25,Paid Social,240287,4000,232,2173.28,2024-03-29 00:00:00
SPEND-0000158,CMP-0009,2024-03-26,Paid Social,81050,5906,464,718.18,2024-04-04 00:00:00
SPEND-0000159,CMP-0009,2024-03-27,Paid Social,42571,477,12,467.37,2024-04-02 00:00:00
SPEND-0000160,CMP-0009,2024-03-29,Paid Social,107121,949,59,993.35,2024-04-05 00:00:00
SPEND-0000161,CMP-0009,2024-03-30,Paid Social,28175,1227,40,791.31,2024-04-05 00:00:00
SPEND-0000162,CMP-0009,2024-03-31,Paid Social,90422,4318,523,811.43,2024-04-03 00:00:00
SPEND-0000163,CMP-0009,2024-04-01,Paid Social,89643,5981,688,1815.44,2024-04-02 00:00:00
SPEND-0000164,CMP-0009,2024-04-02,Paid Social,87880,3244,67,1635.98,2024-04-06 00:00:00
SPEND-0000165,CMP-0009,2024-04-04,Paid Social,4714,94,10,132.82,2024-04-07 00:00:00
SPEND-0000166,CMP-0009,2024-04-05,Paid Social,69303,3121,249,621.45,2024-04-14 00:00:00
SPEND-0000167,CMP-0009,2024-04-06,Paid Social,59246,2134,36,1120.92,2024-04-10 00:00:00
SPEND-0000168,CMP-0009,2024-04-07,Paid Social,70396,764,78,1043.6,2024-04-09 00:00:00
SPEND-0000169,CMP-0009,2024-04-09,Paid Social,38796,2684,390,522.99,2024-04-16 00:00:00
SPEND-0000170,CMP-0009,2024-04-10,Paid Social,36670,831,83,682.57,2024-04-17 00:00:00
SPEND-0000171,CMP-0009,2024-04-11,Paid Social,57801,3211,110,644.93,2024-04-19 00:00:00
SPEND-0000172,CMP-0009,2024-04-12,Paid Social,12211,466,24,287.12,2024-04-15 00:00:00
SPEND-0000173,CMP-0009,2024-04-13,Paid Social,146505,4400,538,2342.84,2024-04-16 00:00:00
SPEND-0000174,CMP-0009,2024-04-14,Paid Social,203412,12113,582,2264.11,2024-04-16 00:00:00
SPEND-0000175,CMP-0009,2024-04-17,Paid Social,280313,8704,1145,2394.4,2024-04-18 00:00:00
SPEND-0000176,CMP-0009,2024-04-18,Paid Social,29074,1584,147,734.49,2024-04-23 00:00:00
SPEND-0000177,CMP-0010,2025-11-04,Paid Social,33276,2337,201,737.86,2025-11-10 00:00:00
SPEND-0000178,CMP-0010,2025-11-12,Paid Social,32184,2000,217,278.95,2025-11-21 00:00:00
SPEND-0000179,CMP-0010,2025-11-13,Paid Social,82886,4662,150,1984.78,2025-11-22 00:00:00
SPEND-0000180,CMP-0010,2025-11-21,Paid Social,108742,3410,462,1876.99,2025-11-25 00:00:00
SPEND-0000181,CMP-0010,2025-11-22,Paid Social,103898,1007,18,2269.43,2025-11-23 00:00:00
SPEND-0000182,CMP-0010,2025-12-01,Paid Social,148438,6239,848,1958.8,2025-12-06 00:00:00
SPEND-0000183,CMP-0010,2025-12-08,Paid Social,81281,1535,198,2300.08,2025-12-13 00:00:00
SPEND-0000184,CMP-0010,2025-12-16,Paid Social,209398,5858,801,2203.75,2025-12-17 00:00:00
SPEND-0000185,CMP-0010,2025-12-17,Paid Social,111598,3915,526,1097.66,2025-12-19 00:00:00
SPEND-0000186,CMP-0010,2025-12-21,Paid Social,160176,3802,407,1479.86,2025-12-22 00:00:00
SPEND-0000187,CMP-0010,2025-12-24,Paid Social,74780,5194,244,1041.7,2025-12-30 00:00:00
SPEND-0000188,CMP-0010,2025-12-25,Paid Social,23811,1594,249,301.96,2025-12-31 00:00:00
SPEND-0000189,CMP-0010,2025-12-26,Paid Social,82711,4103,448,1869.39,2026-01-03 00:00:00
SPEND-0000190,CMP-0011,2025-05-26,Referral,115596,7691,416,1304.97,2025-06-01 00:00:00
SPEND-0000191,CMP-0011,2025-05-27,Referral,169180,11337,553,1818.17,2025-05-27 00:00:00
SPEND-0000192,CMP-0011,2025-05-28,Referral,42150,2350,100,1077.25,2025-05-31 00:00:00
SPEND-0000193,CMP-0011,2025-06-06,Referral,87228,982,101,1250.82,2025-06-11 00:00:00
SPEND-0000194,CMP-0011,2025-06-10,Referral,70415,3686,574,1266.73,2025-06-18 00:00:00
SPEND-0000195,CMP-0011,2025-06-12,Referral,211758,13054,1545,2141.32,2025-06-21 00:00:00
SPEND-0000196,CMP-0011,2025-06-18,Referral,52542,3085,321,1030.19,2025-06-23 00:00:00
SPEND-0000197,CMP-0011,2025-06-19,Referral,156911,10757,268,2292.38,2025-06-27 00:00:00
SPEND-0000198,CMP-0011,2025-06-22,Referral,50273,3566,556,672.81,2025-06-25 00:00:00
SPEND-0000199,CMP-0011,2025-06-25,Referral,104853,7110,986,1432.34,2025-06-30 00:00:00
SPEND-0000200,CMP-0011,2025-06-26,Referral,27176,350,50,667.45,2025-06-29 00:00:00
SPEND-0000201,CMP-0011,2025-06-27,Referral,45370,1607,160,479.0,2025-07-04 00:00:00
SPEND-0000202,CMP-0011,2025-06-28,Referral,136510,3679,548,1468.54,2025-06-29 00:00:00
SPEND-0000203,CMP-0011,2025-07-01,Referral,10116,447,39,108.37,2025-07-09 00:00:00
SPEND-0000204,CMP-0011,2025-07-02,Referral,27542,1580,27,341.1,2025-07-11 00:00:00
SPEND-0000205,CMP-0011,2025-07-03,Referral,72433,5376,617,1520.83,2025-07-07 00:00:00
SPEND-0000206,CMP-0011,2025-07-04,Referral,122380,1673,244,1667.59,2025-07-04 00:00:00
SPEND-0000207,CMP-0011,2025-07-05,Referral,93053,5224,448,1885.64,2025-07-05 00:00:00
SPEND-0000208,CMP-0011,2025-07-06,Referral,135829,10163,232,1132.77,2025-07-10 00:00:00
SPEND-0000209,CMP-0011,2025-07-07,Referral,8012,504,31,93.08,2025-07-15 00:00:00
SPEND-0000210,CMP-0011,2025-07-11,Referral,147670,5725,792,1708.36,2025-07-12 00:00:00
SPEND-0000211,CMP-0011,2025-07-14,Referral,79854,1747,178,1925.34,2025-07-20 00:00:00
SPEND-0000212,CMP-0011,2025-07-16,Referral,200401,7889,1057,1993.1,2025-07-19 00:00:00
SPEND-0000213,CMP-0011,2025-07-17,Referral,69443,3374,204,1455.31,2025-07-25 00:00:00
SPEND-0000214,CMP-0011,2025-07-19,Referral,100990,7474,881,910.17,2025-07-25 00:00:00
SPEND-0000215,CMP-0011,2025-07-21,Referral,28141,337,8,729.37,2025-07-24 00:00:00
SPEND-0000216,CMP-0011,2025-07-22,Referral,84422,1138,180,1649.25,2025-07-25 00:00:00
SPEND-0000217,CMP-0011,2025-07-23,Referral,120457,8690,905,1477.61,2025-07-30 00:00:00
SPEND-0000218,CMP-0011,2025-07-24,Referral,13943,513,82,163.85,2025-07-26 00:00:00
SPEND-0000219,CMP-0011,2025-07-25,Referral,198314,2275,351,1896.61,2025-07-29 00:00:00
SPEND-0000220,CMP-0011,2025-07-26,Referral,135624,6909,555,1285.41,2025-08-04 00:00:00
SPEND-0000221,CMP-0011,2025-07-28,Referral,49305,650,32,516.12,2025-07-30 00:00:00
SPEND-0000222,CMP-0011,2025-07-31,Referral,69730,3126,210,1298.99,2025-08-06 00:00:00
SPEND-0000223,CMP-0011,2025-08-02,Referral,96817,2053,81,1740.78,2025-08-04 00:00:00
SPEND-0000224,CMP-0012,2024-12-22,Paid Social,44427,2681,104,635.53,2024-12-28 00:00:00
SPEND-0000225,CMP-0012,2024-12-23,Paid Social,148670,2764,101,1485.81,2025-01-01 00:00:00
SPEND-0000226,CMP-0012,2024-12-26,Paid Social,90393,5791,310,813.94,2024-12-30 00:00:00
SPEND-0000227,CMP-0012,2024-12-27,Paid Social,77585,5559,630,1239.51,2024-12-31 00:00:00
SPEND-0000228,CMP-0012,2024-12-29,Paid Social,38536,457,43,1080.52,2024-12-29 00:00:00
SPEND-0000229,CMP-0012,2025-01-03,Paid Social,157021,9398,1235,1510.3,2025-01-10 00:00:00
SPEND-0000230,CMP-0012,2025-01-04,Paid Social,161744,4948,184,1493.21,2025-01-12 00:00:00
SPEND-0000231,CMP-0012,2025-01-06,Paid Social,42105,1906,183,771.82,2025-01-14 00:00:00
SPEND-0000232,CMP-0012,2025-01-07,Paid Social,22427,521,17,254.66,2025-01-16 00:00:00
SPEND-0000233,CMP-0012,2025-01-08,Paid Social,52949,931,141,756.61,2025-01-17 00:00:00
SPEND-0000234,CMP-0012,2025-01-10,Paid Social,4158,146,4,116.18,2025-01-12 00:00:00
SPEND-0000235,CMP-0012,2025-01-11,Paid Social,55953,3784,288,747.27,2025-01-12 00:00:00
SPEND-0000236,CMP-0012,2025-01-14,Paid Social,222916,14388,1995,1910.88,2025-01-21 00:00:00
SPEND-0000237,CMP-0012,2025-01-16,Paid Social,17129,451,50,345.89,2025-01-23 00:00:00
SPEND-0000238,CMP-0012,2025-01-17,Paid Social,81764,5106,100,1052.06,2025-01-17 00:00:00
SPEND-0000239,CMP-0012,2025-01-18,Paid Social,118468,3173,123,1389.23,2025-01-26 00:00:00
SPEND-0000240,CMP-0012,2025-01-19,Paid Social,149974,8793,1151,1407.01,2025-01-24 00:00:00
SPEND-0000241,CMP-0012,2025-01-20,Paid Social,127800,1782,166,1538.76,2025-01-23 00:00:00
SPEND-0000242,CMP-0012,2025-01-21,Paid Social,8164,551,79,83.73,2025-01-27 00:00:00
SPEND-0000243,CMP-0012,2025-01-22,Paid Social,147292,7498,127,1496.57,2025-01-25 00:00:00
SPEND-0000244,CMP-0012,2025-01-23,Paid Social,102190,6359,836,1297.36,2025-01-31 00:00:00
SPEND-0000245,CMP-0012,2025-01-26,Paid Social,36304,2445,94,439.73,2025-02-01 00:00:00
SPEND-0000246,CMP-0012,2025-01-27,Paid Social,86993,6310,977,2069.23,2025-01-29 00:00:00
SPEND-0000247,CMP-0012,2025-01-28,Paid Social,93607,2902,86,870.36,2025-02-06 00:00:00
SPEND-0000248,CMP-0012,2025-01-29,Paid Social,111466,1074,84,1080.32,2025-01-29 00:00:00
SPEND-0000249,CMP-0012,2025-01-31,Paid Social,110834,1701,75,1972.17,2025-02-06 00:00:00
SPEND-0000250,CMP-0012,2025-02-03,Paid Social,131337,4218,379,1500.41,2025-02-07 00:00:00
SPEND-0000251,CMP-0012,2025-02-04,Paid Social,12390,521,78,290.52,2025-02-07 00:00:00
SPEND-0000252,CMP-0012,2025-02-06,Paid Social,86901,5403,508,1095.12,2025-02-06 00:00:00
SPEND-0000253,CMP-0012,2025-02-08,Paid Social,35141,2446,384,952.54,2025-02-08 00:00:00
SPEND-0000254,CMP-0012,2025-02-09,Paid Social,48662,637,29,598.51,2025-02-12 00:00:00
SPEND-0000255,CMP-0012,2025-02-11,Paid Social,8070,300,34,89.15,2025-02-11 00:00:00
SPEND-0000256,CMP-0012,2025-02-13,Paid Social,258927,2697,200,2329.67,2025-02-19 00:00:00
SPEND-0000257,CMP-0012,2025-02-15,Paid Social,223189,5569,431,2312.7,2025-02-24 00:00:00
SPEND-0000258,CMP-0012,2025-02-16,Paid Social,41565,1052,120,734.65,2025-02-16 00:00:00
SPEND-0000259,CMP-0013,2025-04-30,Paid Search,72240,5042,462,1080.07,2025-05-01 00:00:00
SPEND-0000260,CMP-0013,2025-05-13,Paid Search,147753,6952,673,2140.96,2025-05-16 00:00:00
SPEND-0000261,CMP-0013,2025-06-13,Paid Search,6619,75,9,114.43,2025-06-14 00:00:00
SPEND-0000262,CMP-0013,2025-06-18,Paid Search,130574,2579,94,2041.46,2025-06-26 00:00:00
SPEND-0000263,CMP-0013,2025-06-24,Paid Search,127536,8775,1339,1106.89,2025-06-29 00:00:00
SPEND-0000264,CMP-0013,2025-06-27,Paid Search,170855,10607,617,1594.6,2025-06-27 00:00:00
SPEND-0000265,CMP-0013,2025-07-08,Paid Search,104643,3917,200,1254.65,2025-07-14 00:00:00
SPEND-0000266,CMP-0013,2025-07-22,Paid Search,92629,2416,321,1925.53,2025-07-26 00:00:00
SPEND-0000267,CMP-0013,2025-07-24,Paid Search,261229,4625,431,2250.04,2025-08-01 00:00:00
SPEND-0000268,CMP-0013,2025-07-25,Paid Search,37843,2175,340,495.67,2025-07-31 00:00:00
SPEND-0000269,CMP-0013,2025-07-26,Paid Search,97044,3112,293,1420.17,2025-08-04 00:00:00
SPEND-0000270,CMP-0013,2025-08-06,Paid Search,23637,400,9,352.35,2025-08-09 00:00:00
SPEND-0000271,CMP-0013,2025-08-17,Paid Search,61421,3355,298,816.74,2025-08-26 00:00:00
SPEND-0000272,CMP-0013,2025-08-24,Paid Search,243359,6478,499,2166.76,2025-08-27 00:00:00
SPEND-0000273,CMP-0013,2025-08-29,Paid Search,89865,5574,755,2240.19,2025-08-31 00:00:00
SPEND-0000274,CMP-0013,2025-09-13,Paid Search,191191,8137,834,2118.5,2025-09-13 00:00:00
SPEND-0000275,CMP-0013,2025-10-09,Paid Search,49862,2219,333,487.16,2025-10-10 00:00:00
SPEND-0000276,CMP-0013,2025-10-19,Paid Search,41359,1745,46,700.86,2025-10-25 00:00:00
SPEND-0000277,CMP-0013,2025-10-21,Paid Search,38675,565,41,467.11,2025-10-28 00:00:00
SPEND-0000278,CMP-0013,2025-10-25,Paid Search,110186,8080,906,1376.13,2025-11-01 00:00:00
SPEND-0000279,CMP-0013,2025-10-26,Paid Search,156184,11239,408,1595.99,2025-10-31 00:00:00
SPEND-0000280,CMP-0013,2025-11-04,Paid Search,62682,528,62,1736.8,2025-11-08 00:00:00
SPEND-0000281,CMP-0013,2025-11-07,Paid Search,129843,2366,256,1935.07,2025-11-12 00:00:00
SPEND-0000282,CMP-0013,2025-11-13,Paid Search,77759,3048,288,1288.17,2025-11-20 00:00:00
SPEND-0000283,CMP-0013,2025-11-14,Paid Search,154409,1917,167,1782.36,2025-11-16 00:00:00
SPEND-0000284,CMP-0013,2025-11-17,Paid Search,78044,2980,106,706.01,2025-11-26 00:00:00
SPEND-0000285,CMP-0013,2025-11-18,Paid Search,80760,836,28,692.96,2025-11-24 00:00:00
SPEND-0000286,CMP-0013,2025-11-24,Paid Search,275517,3330,232,2383.5,2025-11-26 00:00:00
SPEND-0000287,CMP-0013,2025-12-05,Paid Search,76519,3284,433,708.17,2025-12-14 00:00:00
SPEND-0000288,CMP-0013,2025-12-09,Paid Search,167412,5202,820,1619.45,2025-12-16 00:00:00
SPEND-0000289,CMP-0013,2025-12-13,Paid Search,16903,381,10,168.57,2025-12-16 00:00:00
SPEND-0000290,CMP-0013,2025-12-16,Paid Search,169073,8525,431,1669.44,2025-12-22 00:00:00
SPEND-0000291,CMP-0013,2025-12-18,Paid Search,75396,902,126,806.54,2025-12-20 00:00:00
SPEND-0000292,CMP-0013,2025-12-21,Paid Search,255066,9277,848,2314.09,2025-12-26 00:00:00
SPEND-0000293,CMP-0013,2025-12-28,Paid Search,157762,10410,625,1465.38,2026-01-02 00:00:00
SPEND-0000294,CMP-0014,2024-06-04,Paid Social,125919,8858,902,1281.25,2024-06-09 00:00:00
SPEND-0000295,CMP-0014,2024-06-05,Paid Social,70636,5040,209,900.0,2024-06-10 00:00:00
SPEND-0000296,CMP-0014,2024-06-06,Paid Social,133279,8903,1100,2009.51,2024-06-15 00:00:00
SPEND-0000297,CMP-0014,2024-06-07,Paid Social,178378,9992,661,2280.33,2024-06-14 00:00:00
SPEND-0000298,CMP-0014,2024-06-08,Paid Social,41792,344,50,498.05,2024-06-11 00:00:00
SPEND-0000299,CMP-0014,2024-06-09,Paid Social,74633,5468,413,849.06,2024-06-11 00:00:00
SPEND-0000300,CMP-0014,2024-06-10,Paid Social,112514,8120,925,950.79,2024-06-10 00:00:00
SPEND-0000301,CMP-0014,2024-06-11,Paid Social,126059,5272,501,1657.14,2024-06-12 00:00:00
SPEND-0000302,CMP-0014,2024-06-12,Paid Social,221660,14585,816,1975.4,2024-06-15 00:00:00
SPEND-0000303,CMP-0014,2024-06-13,Paid Social,64472,1193,82,546.69,2024-06-20 00:00:00
SPEND-0000304,CMP-0014,2024-06-14,Paid Social,40443,489,48,567.08,2024-06-14 00:00:00
SPEND-0000305,CMP-0014,2024-06-15,Paid Social,77261,4566,330,1078.7,2024-06-23 00:00:00
SPEND-0000306,CMP-0014,2024-06-16,Paid Social,156983,6660,105,1665.44,2024-06-16 00:00:00
SPEND-0000307,CMP-0014,2024-06-17,Paid Social,138797,3956,165,2281.22,2024-06-17 00:00:00
SPEND-0000308,CMP-0014,2024-06-18,Paid Social,161484,8058,438,1461.12,2024-06-24 00:00:00
SPEND-0000309,CMP-0014,2024-06-19,Paid Social,113350,7712,234,1900.8,2024-06-21 00:00:00
SPEND-0000310,CMP-0014,2024-06-20,Paid Social,233528,7257,893,2353.32,2024-06-24 00:00:00
SPEND-0000311,CMP-0014,2024-06-21,Paid Social,4201,147,22,115.07,2024-06-24 00:00:00
SPEND-0000312,CMP-0014,2024-06-22,Paid Social,26418,1808,177,314.14,2024-06-27 00:00:00
SPEND-0000313,CMP-0014,2024-06-23,Paid Social,86742,6163,513,736.86,2024-06-26 00:00:00
SPEND-0000314,CMP-0014,2024-06-24,Paid Social,42579,1628,234,792.15,2024-07-02 00:00:00
SPEND-0000315,CMP-0014,2024-06-25,Paid Social,222053,13500,1740,1855.94,2024-07-04 00:00:00
SPEND-0000316,CMP-0014,2024-06-26,Paid Social,17439,231,20,182.31,2024-07-04 00:00:00
SPEND-0000317,CMP-0014,2024-06-27,Paid Social,117753,8360,334,1188.64,2024-07-02 00:00:00
SPEND-0000318,CMP-0014,2024-06-28,Paid Social,150297,8646,404,1726.65,2024-07-07 00:00:00
SPEND-0000319,CMP-0014,2024-06-29,Paid Social,11879,376,29,223.22,2024-07-07 00:00:00
SPEND-0000320,CMP-0014,2024-06-30,Paid Social,150228,7855,214,1834.09,2024-07-01 00:00:00
SPEND-0000321,CMP-0014,2024-07-01,Paid Social,135690,8907,1039,1240.87,2024-07-10 00:00:00
SPEND-0000322,CMP-0014,2024-07-02,Paid Social,98125,1051,126,2224.91,2024-07-08 00:00:00
SPEND-0000323,CMP-0014,2024-07-03,Paid Social,41709,2950,52,900.95,2024-07-06 00:00:00
SPEND-0000324,CMP-0014,2024-07-04,Paid Social,68312,2434,159,1014.67,2024-07-11 00:00:00
SPEND-0000325,CMP-0014,2024-07-05,Paid Social,31560,1345,97,331.13,2024-07-10 00:00:00
SPEND-0000326,CMP-0014,2024-07-06,Paid Social,66605,1225,160,1191.97,2024-07-11 00:00:00
SPEND-0000327,CMP-0015,2024-01-14,Paid Search,100716,2432,259,1865.87,2024-01-19 00:00:00
SPEND-0000328,CMP-0015,2024-01-15,Paid Search,84135,5936,401,793.95,2024-01-19 00:00:00
SPEND-0000329,CMP-0015,2024-01-17,Paid Search,100233,7213,531,1578.33,2024-01-22 00:00:00
SPEND-0000330,CMP-0015,2024-01-18,Paid Search,62379,2627,74,1005.12,2024-01-20 00:00:00
SPEND-0000331,CMP-0015,2024-01-19,Paid Search,152569,3909,200,1513.91,2024-01-25 00:00:00
SPEND-0000332,CMP-0015,2024-01-22,Paid Search,55600,2503,277,1270.7,2024-01-25 00:00:00
SPEND-0000333,CMP-0015,2024-01-23,Paid Search,275203,8062,900,2351.43,2024-01-24 00:00:00
SPEND-0000334,CMP-0015,2024-01-24,Paid Search,85033,1418,82,2010.78,2024-01-31 00:00:00
SPEND-0000335,CMP-0015,2024-01-25,Paid Search,71119,4453,368,700.67,2024-01-29 00:00:00
SPEND-0000336,CMP-0015,2024-01-30,Paid Search,48404,1676,47,1283.44,2024-02-03 00:00:00
SPEND-0000337,CMP-0015,2024-02-02,Paid Search,36267,1612,125,389.01,2024-02-05 00:00:00
SPEND-0000338,CMP-0015,2024-02-05,Paid Search,81869,4292,243,1428.12,2024-02-12 00:00:00
SPEND-0000339,CMP-0015,2024-02-06,Paid Search,39206,2503,236,337.39,2024-02-06 00:00:00
SPEND-0000340,CMP-0015,2024-02-07,Paid Search,89563,2711,116,1066.97,2024-02-07 00:00:00
SPEND-0000341,CMP-0015,2024-02-10,Paid Search,138741,4061,574,1256.93,2024-02-19 00:00:00
SPEND-0000342,CMP-0015,2024-02-12,Paid Search,79453,1135,142,732.44,2024-02-15 00:00:00
SPEND-0000343,CMP-0015,2024-02-14,Paid Search,49414,2627,180,1183.73,2024-02-14 00:00:00
SPEND-0000344,CMP-0015,2024-02-15,Paid Search,131707,1262,107,1273.46,2024-02-22 00:00:00
SPEND-0000345,CMP-0015,2024-02-19,Paid Search,133550,8748,739,1240.09,2024-02-21 00:00:00
SPEND-0000346,CMP-0015,2024-02-21,Paid Search,106434,1400,219,1101.34,2024-02-23 00:00:00
SPEND-0000347,CMP-0015,2024-02-23,Paid Search,111139,5313,768,1559.58,2024-02-25 00:00:00
SPEND-0000348,CMP-0015,2024-02-25,Paid Search,55554,648,45,605.31,2024-02-29 00:00:00
SPEND-0000349,CMP-0015,2024-02-29,Paid Search,55742,3653,481,563.53,2024-03-07 00:00:00
SPEND-0000350,CMP-0015,2024-03-02,Paid Search,46790,2320,127,410.23,2024-03-03 00:00:00
SPEND-0000351,CMP-0015,2024-03-03,Paid Search,142454,7565,516,1468.54,2024-03-05 00:00:00
SPEND-0000352,CMP-0015,2024-03-06,Paid Search,32032,1974,281,284.2,2024-03-12 00:00:00
SPEND-0000353,CMP-0015,2024-03-11,Paid Search,37761,1721,119,684.28,2024-03-15 00:00:00
SPEND-0000354,CMP-0015,2024-03-13,Paid Search,81616,797,107,1930.08,2024-03-14 00:00:00
SPEND-0000355,CMP-0015,2024-03-17,Paid Search,64170,2911,298,585.97,2024-03-24 00:00:00
SPEND-0000356,CMP-0015,2024-03-20,Paid Search,124445,7208,377,1104.37,2024-03-20 00:00:00
SPEND-0000357,CMP-0015,2024-03-23,Paid Search,8211,502,43,174.43,2024-03-30 00:00:00
SPEND-0000358,CMP-0016,2025-09-03,Partner,27298,1329,102,455.96,2025-09-04 00:00:00
SPEND-0000359,CMP-0016,2025-09-05,Partner,243191,9168,156,2054.94,2025-09-10 00:00:00
SPEND-0000360,CMP-0016,2025-09-06,Partner,82082,4103,515,1056.55,2025-09-15 00:00:00
SPEND-0000361,CMP-0016,2025-09-09,Partner,45794,2275,182,1195.82,2025-09-10 00:00:00
SPEND-0000362,CMP-0016,2025-09-13,Partner,25365,426,42,716.77,2025-09-18 00:00:00
SPEND-0000363,CMP-0016,2025-09-22,Partner,71906,2681,284,1577.9,2025-10-01 00:00:00
SPEND-0000364,CMP-0016,2025-09-23,Partner,194589,5810,755,1700.91,2025-09-27 00:00:00
SPEND-0000365,CMP-0016,2025-09-26,Partner,53040,3531,502,630.54,2025-10-03 00:00:00
SPEND-0000366,CMP-0016,2025-10-02,Partner,149821,7694,708,1995.27,2025-10-06 00:00:00
SPEND-0000367,CMP-0016,2025-10-03,Partner,56232,3645,217,1379.85,2025-10-09 00:00:00
SPEND-0000368,CMP-0016,2025-10-05,Partner,38441,377,26,918.15,2025-10-06 00:00:00
SPEND-0000369,CMP-0016,2025-10-11,Partner,137727,4677,618,1234.29,2025-10-18 00:00:00
SPEND-0000370,CMP-0016,2025-10-14,Partner,45202,2942,307,1157.94,2025-10-20 00:00:00
SPEND-0000371,CMP-0016,2025-10-17,Partner,34179,1978,264,583.7,2025-10-24 00:00:00
SPEND-0000372,CMP-0016,2025-11-02,Partner,23202,865,80,562.62,2025-11-09 00:00:00
SPEND-0000373,CMP-0016,2025-11-03,Partner,109146,6061,589,1333.54,2025-11-08 00:00:00
SPEND-0000374,CMP-0016,2025-11-17,Partner,13025,269,19,171.84,2025-11-19 00:00:00
SPEND-0000375,CMP-0016,2025-11-19,Partner,46434,1098,64,610.48,2025-11-20 00:00:00
SPEND-0000376,CMP-0016,2025-11-21,Partner,136076,5999,957,1460.87,2025-11-22 00:00:00
SPEND-0000377,CMP-0016,2025-11-23,Partner,54101,3423,276,1068.38,2025-11-30 00:00:00
SPEND-0000378,CMP-0016,2025-12-05,Partner,61781,4271,573,1328.78,2025-12-08 00:00:00
SPEND-0000379,CMP-0016,2025-12-07,Partner,168377,5087,179,2233.54,2025-12-07 00:00:00
SPEND-0000380,CMP-0016,2025-12-09,Partner,38058,341,52,625.88,2025-12-15 00:00:00
SPEND-0000381,CMP-0016,2025-12-10,Partner,195178,11457,1553,2036.42,2025-12-15 00:00:00
SPEND-0000382,CMP-0016,2025-12-12,Partner,84141,917,95,1164.78,2025-12-14 00:00:00
SPEND-0000383,CMP-0016,2025-12-15,Partner,31870,1853,54,381.4,2025-12-15 00:00:00
SPEND-0000384,CMP-0016,2025-12-16,Partner,203148,12285,460,2100.22,2025-12-17 00:00:00
SPEND-0000385,CMP-0016,2025-12-17,Partner,77955,2800,58,1669.7,2025-12-21 00:00:00
SPEND-0000386,CMP-0017,2025-12-04,Email,48614,3312,416,1108.56,2025-12-12 00:00:00
SPEND-0000387,CMP-0017,2025-12-05,Email,62393,1209,52,1326.47,2025-12-11 00:00:00
SPEND-0000388,CMP-0017,2025-12-07,Email,144611,3976,253,1983.45,2025-12-08 00:00:00
SPEND-0000389,CMP-0017,2025-12-08,Email,56251,2133,310,702.45,2025-12-12 00:00:00
SPEND-0000390,CMP-0017,2025-12-09,Email,127336,9353,1076,2067.2,2025-12-10 00:00:00
SPEND-0000391,CMP-0017,2025-12-10,Email,249030,10131,781,2230.77,2025-12-12 00:00:00
SPEND-0000392,CMP-0017,2025-12-11,Email,53657,1683,68,883.64,2025-12-12 00:00:00
SPEND-0000393,CMP-0017,2025-12-12,Email,59132,3617,506,569.78,2025-12-21 00:00:00
SPEND-0000394,CMP-0017,2025-12-13,Email,128791,2705,92,2289.51,2025-12-14 00:00:00
SPEND-0000395,CMP-0017,2025-12-15,Email,23047,1698,202,396.51,2025-12-22 00:00:00
SPEND-0000396,CMP-0017,2025-12-16,Email,75471,2980,431,885.94,2025-12-21 00:00:00
SPEND-0000397,CMP-0017,2025-12-17,Email,36080,954,117,705.94,2025-12-18 00:00:00
SPEND-0000398,CMP-0017,2025-12-19,Email,135014,4758,246,1757.24,2025-12-24 00:00:00
SPEND-0000399,CMP-0017,2025-12-20,Email,126957,1366,79,1950.28,2025-12-21 00:00:00
SPEND-0000400,CMP-0017,2025-12-22,Email,106582,4276,219,1375.71,2025-12-23 00:00:00
SPEND-0000401,CMP-0017,2025-12-23,Email,14332,455,48,316.8,2025-12-27 00:00:00
SPEND-0000402,CMP-0017,2025-12-24,Email,4482,188,11,97.19,2025-12-24 00:00:00
SPEND-0000403,CMP-0017,2025-12-25,Email,67660,3653,215,1108.52,2025-12-26 00:00:00
SPEND-0000404,CMP-0017,2025-12-26,Email,216661,9885,230,1851.27,2025-12-28 00:00:00
SPEND-0000405,CMP-0017,2025-12-27,Email,138559,7539,750,1939.51,2025-12-30 00:00:00
SPEND-0000406,CMP-0017,2025-12-28,Email,49154,1662,63,933.75,2026-01-02 00:00:00
SPEND-0000407,CMP-0017,2025-12-29,Email,69639,3895,509,1638.99,2026-01-07 00:00:00
SPEND-0000408,CMP-0017,2025-12-31,Email,127936,5307,466,1991.43,2026-01-06 00:00:00
SPEND-0000409,CMP-0018,2023-12-14,Email,5583,249,28,89.23,2023-12-17 00:00:00
SPEND-0000410,CMP-0018,2023-12-15,Email,51841,752,105,1179.23,2023-12-18 00:00:00
SPEND-0000411,CMP-0018,2023-12-17,Email,98929,3690,565,1330.64,2023-12-21 00:00:00
SPEND-0000412,CMP-0018,2023-12-19,Email,29523,1825,277,684.45,2023-12-23 00:00:00
SPEND-0000413,CMP-0018,2023-12-22,Email,110453,5650,520,2235.83,2023-12-23 00:00:00
SPEND-0000414,CMP-0018,2023-12-23,Email,219341,3752,59,1968.72,2023-12-27 00:00:00
SPEND-0000415,CMP-0018,2023-12-24,Email,55349,3840,436,533.17,2023-12-25 00:00:00
SPEND-0000416,CMP-0018,2023-12-25,Email,100547,6067,753,1421.94,2023-12-25 00:00:00
SPEND-0000417,CMP-0018,2023-12-26,Email,33500,752,68,541.12,2023-12-26 00:00:00
SPEND-0000418,CMP-0018,2023-12-28,Email,110364,5028,686,1458.18,2023-12-28 00:00:00
SPEND-0000419,CMP-0018,2023-12-30,Email,123406,8722,245,1211.07,2024-01-05 00:00:00
SPEND-0000420,CMP-0018,2023-12-31,Email,49178,2490,254,508.01,2023-12-31 00:00:00
SPEND-0000421,CMP-0018,2024-01-01,Email,121425,3334,139,1642.01,2024-01-03 00:00:00
SPEND-0000422,CMP-0018,2024-01-02,Email,41953,2363,292,655.56,2024-01-11 00:00:00
SPEND-0000423,CMP-0018,2024-01-03,Email,103113,7503,615,1305.01,2024-01-08 00:00:00
SPEND-0000424,CMP-0018,2024-01-05,Email,95654,4971,768,2369.01,2024-01-13 00:00:00
SPEND-0000425,CMP-0018,2024-01-06,Email,74692,2471,309,1110.02,2024-01-08 00:00:00
SPEND-0000426,CMP-0018,2024-01-07,Email,93097,4480,256,1098.95,2024-01-13 00:00:00
SPEND-0000427,CMP-0018,2024-01-08,Email,3333,126,14,94.37,2024-01-08 00:00:00
SPEND-0000428,CMP-0018,2024-01-09,Email,130560,5762,461,2027.06,2024-01-18 00:00:00
SPEND-0000429,CMP-0018,2024-01-10,Email,29482,1899,62,560.01,2024-01-13 00:00:00
SPEND-0000430,CMP-0018,2024-01-11,Email,55179,615,39,720.65,2024-01-11 00:00:00
SPEND-0000431,CMP-0018,2024-01-12,Email,133258,6370,983,2005.18,2024-01-12 00:00:00
SPEND-0000432,CMP-0018,2024-01-13,Email,195044,2780,419,1658.71,2024-01-20 00:00:00
SPEND-0000433,CMP-0018,2024-01-15,Email,16473,645,92,433.35,2024-01-20 00:00:00
SPEND-0000434,CMP-0018,2024-01-17,Email,10643,364,57,290.65,2024-01-20 00:00:00
SPEND-0000435,CMP-0018,2024-01-18,Email,129325,2813,429,1653.31,2024-01-27 00:00:00
SPEND-0000436,CMP-0018,2024-01-20,Email,9691,372,53,160.54,2024-01-20 00:00:00
SPEND-0000437,CMP-0018,2024-01-21,Email,118832,6128,735,1731.62,2024-01-25 00:00:00
SPEND-0000438,CMP-0018,2024-01-22,Email,48029,3055,438,865.23,2024-01-23 00:00:00
SPEND-0000439,CMP-0018,2024-01-25,Email,183976,5851,518,2155.83,2024-01-29 00:00:00
SPEND-0000440,CMP-0018,2024-01-26,Email,175689,2440,224,1660.53,2024-02-03 00:00:00
SPEND-0000441,CMP-0018,2024-01-27,Email,157686,4488,296,1967.95,2024-01-31 00:00:00
SPEND-0000442,CMP-0018,2024-01-28,Email,200046,13692,528,2123.72,2024-01-28 00:00:00
SPEND-0000443,CMP-0018,2024-01-29,Email,50518,718,75,622.18,2024-02-05 00:00:00
SPEND-0000444,CMP-0018,2024-01-31,Email,30084,2140,221,470.58,2024-02-03 00:00:00
SPEND-0000445,CMP-0018,2024-02-01,Email,151722,9660,958,1522.22,2024-02-01 00:00:00
SPEND-0000446,CMP-0018,2024-02-02,Email,30909,750,28,306.57,2024-02-06 00:00:00
SPEND-0000447,CMP-0018,2024-02-05,Email,205795,9809,1129,2248.47,2024-02-08 00:00:00
SPEND-0000448,CMP-0018,2024-02-08,Email,164949,7328,468,2132.21,2024-02-11 00:00:00
SPEND-0000449,CMP-0018,2024-02-12,Email,180563,1874,272,2350.87,2024-02-16 00:00:00
SPEND-0000450,CMP-0018,2024-02-13,Email,83057,844,24,1442.24,2024-02-17 00:00:00
SPEND-0000451,CMP-0018,2024-02-16,Email,78665,5855,182,743.46,2024-02-24 00:00:00
SPEND-0000452,CMP-0019,2023-12-27,Paid Search,196521,4894,723,1684.15,2023-12-29 00:00:00
SPEND-0000453,CMP-0019,2024-01-05,Paid Search,36748,412,37,379.51,2024-01-07 00:00:00
SPEND-0000454,CMP-0019,2024-01-07,Paid Search,249486,16399,2446,2346.29,2024-01-07 00:00:00
SPEND-0000455,CMP-0019,2024-01-11,Paid Search,104484,7835,515,1751.08,2024-01-15 00:00:00
SPEND-0000456,CMP-0019,2024-01-13,Paid Search,162160,8598,129,1822.01,2024-01-21 00:00:00
SPEND-0000457,CMP-0019,2024-01-14,Paid Search,60721,4550,207,1410.15,2024-01-14 00:00:00
SPEND-0000458,CMP-0019,2024-01-16,Paid Search,176232,8211,632,1915.3,2024-01-24 00:00:00
SPEND-0000459,CMP-0019,2024-01-19,Paid Search,125803,7370,306,1849.56,2024-01-19 00:00:00
SPEND-0000460,CMP-0019,2024-01-22,Paid Search,186230,6587,769,1866.54,2024-01-30 00:00:00
SPEND-0000461,CMP-0019,2024-01-25,Paid Search,73068,2882,210,1262.4,2024-02-02 00:00:00
SPEND-0000462,CMP-0019,2024-01-26,Paid Search,10424,600,35,115.03,2024-01-27 00:00:00
SPEND-0000463,CMP-0019,2024-01-27,Paid Search,128422,6268,835,2392.91,2024-01-31 00:00:00
SPEND-0000464,CMP-0019,2024-01-28,Paid Search,107831,6241,325,999.88,2024-02-04 00:00:00
SPEND-0000465,CMP-0019,2024-02-03,Paid Search,113074,2899,202,1792.17,2024-02-12 00:00:00
SPEND-0000466,CMP-0019,2024-02-04,Paid Search,6427,345,23,112.05,2024-02-07 00:00:00
SPEND-0000467,CMP-0019,2024-02-06,Paid Search,140346,10327,794,1547.89,2024-02-06 00:00:00
SPEND-0000468,CMP-0019,2024-02-12,Paid Search,161352,7029,914,1744.89,2024-02-17 00:00:00
SPEND-0000469,CMP-0019,2024-02-19,Paid Search,146925,3989,518,1599.5,2024-02-25 00:00:00
SPEND-0000470,CMP-0019,2024-02-29,Paid Search,98624,3362,391,2039.65,2024-03-05 00:00:00
SPEND-0000471,CMP-0019,2024-03-02,Paid Search,237426,11615,1416,2185.87,2024-03-06 00:00:00
SPEND-0000472,CMP-0019,2024-03-04,Paid Search,36589,2633,182,478.88,2024-03-08 00:00:00
SPEND-0000473,CMP-0019,2024-03-12,Paid Search,150428,2223,50,1306.28,2024-03-20 00:00:00
SPEND-0000474,CMP-0019,2024-03-14,Paid Search,81215,2799,249,887.87,2024-03-20 00:00:00
SPEND-0000475,CMP-0019,2024-03-17,Paid Search,173409,9265,1477,2320.5,2024-03-23 00:00:00
SPEND-0000476,CMP-0019,2024-03-24,Paid Search,9589,489,32,101.15,2024-03-27 00:00:00
SPEND-0000477,CMP-0019,2024-03-25,Paid Search,177710,4163,179,1777.13,2024-03-25 00:00:00
SPEND-0000478,CMP-0019,2024-03-28,Paid Search,48823,756,12,1069.42,2024-04-03 00:00:00
SPEND-0000479,CMP-0019,2024-03-31,Paid Search,24526,1736,226,266.03,2024-04-01 00:00:00
SPEND-0000480,CMP-0019,2024-04-05,Paid Search,144106,3392,247,1691.69,2024-04-09 00:00:00
SPEND-0000481,CMP-0019,2024-04-06,Paid Search,69122,4907,271,1189.71,2024-04-13 00:00:00
SPEND-0000482,CMP-0019,2024-04-07,Paid Search,63678,3521,441,841.45,2024-04-13 00:00:00
SPEND-0000483,CMP-0019,2024-04-13,Paid Search,50867,2582,51,623.47,2024-04-21 00:00:00
SPEND-0000484,CMP-0019,2024-04-19,Paid Search,136838,2959,255,1530.62,2024-04-26 00:00:00
SPEND-0000485,CMP-0020,2025-01-27,Email,11196,612,70,99.36,2025-01-30 00:00:00
SPEND-0000486,CMP-0020,2025-01-28,Email,231420,10688,436,2310.75,2025-02-05 00:00:00
SPEND-0000487,CMP-0020,2025-02-04,Email,135417,5853,642,1744.27,2025-02-12 00:00:00
SPEND-0000488,CMP-0020,2025-02-05,Email,42436,1024,127,684.81,2025-02-12 00:00:00
SPEND-0000489,CMP-0020,2025-02-07,Email,99028,4322,596,1156.67,2025-02-08 00:00:00
SPEND-0000490,CMP-0020,2025-02-13,Email,201793,8407,201,2353.74,2025-02-18 00:00:00
SPEND-0000491,CMP-0020,2025-02-18,Email,67507,3173,208,1062.69,2025-02-25 00:00:00
SPEND-0000492,CMP-0020,2025-02-19,Email,149148,9699,1284,2397.59,2025-02-22 00:00:00
SPEND-0000493,CMP-0020,2025-02-20,Email,56071,3233,229,832.83,2025-02-28 00:00:00
SPEND-0000494,CMP-0020,2025-03-02,Email,99966,3028,68,1247.52,2025-03-02 00:00:00
SPEND-0000495,CMP-0020,2025-03-04,Email,127974,8996,1223,1095.88,2025-03-10 00:00:00
SPEND-0000496,CMP-0020,2025-03-06,Email,59588,3906,169,505.44,2025-03-09 00:00:00
SPEND-0000497,CMP-0020,2025-03-09,Email,91993,4488,487,1067.59,2025-03-11 00:00:00
SPEND-0000498,CMP-0020,2025-03-17,Email,48725,1292,122,438.75,2025-03-26 00:00:00
SPEND-0000499,CMP-0020,2025-03-31,Email,128683,4054,128,1364.54,2025-04-03 00:00:00
SPEND-0000500,CMP-0020,2025-04-05,Email,27611,367,32,498.6,2025-04-13 00:00:00
SPEND-0000501,CMP-0020,2025-04-11,Email,117831,1610,219,1485.42,2025-04-20 00:00:00
SPEND-0000502,CMP-0020,2025-04-14,Email,157372,7270,835,2357.56,2025-04-14 00:00:00
SPEND-0000503,CMP-0020,2025-04-23,Email,138703,8377,830,1301.8,2025-04-25 00:00:00
SPEND-0000504,CMP-0021,2023-12-27,Email,143468,5958,348,1319.53,2023-12-31 00:00:00
SPEND-0000505,CMP-0021,2024-01-20,Email,59475,1370,141,1050.59,2024-01-20 00:00:00
SPEND-0000506,CMP-0021,2024-01-22,Email,71666,1596,254,800.86,2024-01-22 00:00:00
SPEND-0000507,CMP-0021,2024-01-24,Email,135933,5945,749,1536.45,2024-02-02 00:00:00
SPEND-0000508,CMP-0021,2024-02-06,Email,114884,4207,389,2023.22,2024-02-12 00:00:00
SPEND-0000509,CMP-0021,2024-02-11,Email,51808,474,32,904.4,2024-02-20 00:00:00
SPEND-0000510,CMP-0021,2024-02-15,Email,180995,5570,678,1940.36,2024-02-19 00:00:00
SPEND-0000511,CMP-0021,2024-02-25,Email,26509,799,15,438.93,2024-03-01 00:00:00
SPEND-0000512,CMP-0021,2024-02-28,Email,65361,3776,348,1072.11,2024-03-07 00:00:00
SPEND-0000513,CMP-0021,2024-03-03,Email,198030,13452,1608,2132.53,2024-03-04 00:00:00
SPEND-0000514,CMP-0021,2024-03-19,Email,47319,1909,178,1077.62,2024-03-26 00:00:00
SPEND-0000515,CMP-0021,2024-03-20,Email,36112,1182,89,662.12,2024-03-22 00:00:00
SPEND-0000516,CMP-0022,2025-05-29,Paid Search,159526,3708,353,1542.92,2025-06-01 00:00:00
SPEND-0000517,CMP-0022,2025-05-30,Paid Search,258485,17400,1795,2329.33,2025-06-04 00:00:00
SPEND-0000518,CMP-0022,2025-06-01,Paid Search,64263,3826,296,619.0,2025-06-07 00:00:00
SPEND-0000519,CMP-0022,2025-06-05,Paid Search,115450,7480,790,2068.3,2025-06-11 00:00:00
SPEND-0000520,CMP-0022,2025-06-10,Paid Search,84417,4770,326,904.05,2025-06-10 00:00:00
SPEND-0000521,CMP-0022,2025-06-12,Paid Search,30405,2235,160,610.49,2025-06-17 00:00:00
SPEND-0000522,CMP-0022,2025-06-15,Paid Search,31485,2316,202,470.41,2025-06-19 00:00:00
SPEND-0000523,CMP-0022,2025-06-19,Paid Search,197878,13839,1974,1720.44,2025-06-22 00:00:00
SPEND-0000524,CMP-0022,2025-06-20,Paid Search,162850,9958,1581,1497.81,2025-06-29 00:00:00
SPEND-0000525,CMP-0022,2025-06-21,Paid Search,171403,1399,222,2123.28,2025-06-24 00:00:00
SPEND-0000526,CMP-0022,2025-06-25,Paid Search,160778,8286,1180,2268.56,2025-06-30 00:00:00
SPEND-0000527,CMP-0022,2025-06-27,Paid Search,29131,1941,168,441.21,2025-07-02 00:00:00
SPEND-0000528,CMP-0022,2025-07-02,Paid Search,100291,3212,496,1340.78,2025-07-08 00:00:00
SPEND-0000529,CMP-0022,2025-07-03,Paid Search,204152,13425,286,1760.7,2025-07-12 00:00:00
SPEND-0000530,CMP-0022,2025-07-04,Paid Search,32890,1408,82,286.05,2025-07-12 00:00:00
SPEND-0000531,CMP-0022,2025-07-08,Paid Search,182209,13556,641,1626.59,2025-07-11 00:00:00
SPEND-0000532,CMP-0022,2025-07-10,Paid Search,22196,423,53,577.46,2025-07-17 00:00:00
SPEND-0000533,CMP-0022,2025-07-11,Paid Search,35280,2536,308,363.88,2025-07-12 00:00:00
SPEND-0000534,CMP-0022,2025-07-12,Paid Search,217491,10532,1642,2117.79,2025-07-14 00:00:00
SPEND-0000535,CMP-0022,2025-07-18,Paid Search,17590,449,25,492.89,2025-07-22 00:00:00
SPEND-0000536,CMP-0022,2025-07-20,Paid Search,59808,2967,97,1357.28,2025-07-21 00:00:00
SPEND-0000537,CMP-0022,2025-07-22,Paid Search,74251,1391,215,997.01,2025-07-27 00:00:00
SPEND-0000538,CMP-0022,2025-07-23,Paid Search,36667,2301,216,541.8,2025-07-23 00:00:00
SPEND-0000539,CMP-0022,2025-07-30,Paid Search,68372,4455,351,907.88,2025-07-31 00:00:00
SPEND-0000540,CMP-0022,2025-08-01,Paid Search,59937,1482,137,562.49,2025-08-03 00:00:00
SPEND-0000541,CMP-0022,2025-08-04,Paid Search,81599,760,120,1698.33,2025-08-10 00:00:00
SPEND-0000542,CMP-0022,2025-08-05,Paid Search,189260,4357,395,2276.12,2025-08-13 00:00:00
SPEND-0000543,CMP-0022,2025-08-06,Paid Search,158651,6314,606,1848.56,2025-08-10 00:00:00
SPEND-0000544,CMP-0022,2025-08-07,Paid Search,72134,4252,392,980.69,2025-08-09 00:00:00
SPEND-0000545,CMP-0022,2025-08-11,Paid Search,130074,2870,380,1121.45,2025-08-12 00:00:00
SPEND-0000546,CMP-0022,2025-08-12,Paid Search,50894,2045,176,989.36,2025-08-12 00:00:00
SPEND-0000547,CMP-0022,2025-08-14,Paid Search,39081,918,48,985.84,2025-08-21 00:00:00
SPEND-0000548,CMP-0022,2025-08-15,Paid Search,55402,2701,224,1062.58,2025-08-19 00:00:00
SPEND-0000549,CMP-0023,2025-11-19,Partner,55535,1186,59,892.62,2025-11-26 00:00:00
SPEND-0000550,CMP-0023,2025-11-20,Partner,131526,3600,379,1853.76,2025-11-27 00:00:00
SPEND-0000551,CMP-0023,2025-11-21,Partner,131806,7714,586,1611.51,2025-11-26 00:00:00
SPEND-0000552,CMP-0023,2025-11-22,Partner,78846,1323,56,1269.44,2025-11-28 00:00:00
SPEND-0000553,CMP-0023,2025-11-23,Partner,63366,4593,309,1218.82,2025-11-28 00:00:00
SPEND-0000554,CMP-0023,2025-11-24,Partner,238627,5926,663,2244.21,2025-11-25 00:00:00
SPEND-0000555,CMP-0023,2025-11-25,Partner,135149,6408,879,1755.12,2025-11-29 00:00:00
SPEND-0000556,CMP-0023,2025-11-26,Partner,111636,7952,1183,1139.64,2025-11-30 00:00:00
SPEND-0000557,CMP-0023,2025-11-27,Partner,122895,6141,143,1510.26,2025-11-30 00:00:00
SPEND-0000558,CMP-0023,2025-11-28,Partner,6795,72,8,165.14,2025-12-06 00:00:00
SPEND-0000559,CMP-0023,2025-11-29,Partner,50956,1255,186,730.56,2025-12-01 00:00:00
SPEND-0000560,CMP-0023,2025-11-30,Partner,114911,2865,312,1100.48,2025-12-09 00:00:00
SPEND-0000561,CMP-0023,2025-12-02,Partner,42054,1549,185,387.85,2025-12-02 00:00:00
SPEND-0000562,CMP-0023,2025-12-03,Partner,127099,6148,637,1893.39,2025-12-09 00:00:00
SPEND-0000563,CMP-0023,2025-12-04,Partner,27582,1532,74,542.08,2025-12-04 00:00:00
SPEND-0000564,CMP-0023,2025-12-05,Partner,133972,8948,815,2308.81,2025-12-11 00:00:00
SPEND-0000565,CMP-0023,2025-12-06,Partner,83434,5842,690,1443.78,2025-12-08 00:00:00
SPEND-0000566,CMP-0023,2025-12-08,Partner,91764,1352,36,2066.24,2025-12-15 00:00:00
SPEND-0000567,CMP-0023,2025-12-10,Partner,237406,8715,972,2125.85,2025-12-16 00:00:00
SPEND-0000568,CMP-0023,2025-12-11,Partner,52509,3823,163,915.08,2025-12-19 00:00:00
SPEND-0000569,CMP-0023,2025-12-12,Partner,105744,3510,303,1243.3,2025-12-13 00:00:00
SPEND-0000570,CMP-0023,2025-12-13,Partner,179520,4835,258,1749.66,2025-12-21 00:00:00
SPEND-0000571,CMP-0023,2025-12-14,Partner,53174,1000,154,660.58,2025-12-20 00:00:00
SPEND-0000572,CMP-0023,2025-12-15,Partner,131852,6772,992,2362.12,2025-12-23 00:00:00
SPEND-0000573,CMP-0023,2025-12-16,Partner,84113,901,138,1104.04,2025-12-22 00:00:00
SPEND-0000574,CMP-0023,2025-12-18,Partner,125262,7485,338,2322.41,2025-12-25 00:00:00
SPEND-0000575,CMP-0023,2025-12-19,Partner,48826,809,90,432.44,2025-12-26 00:00:00
SPEND-0000576,CMP-0023,2025-12-20,Partner,176518,8988,1127,2238.07,2025-12-24 00:00:00
SPEND-0000577,CMP-0023,2025-12-21,Partner,102903,1334,44,895.67,2025-12-22 00:00:00
SPEND-0000578,CMP-0023,2025-12-22,Partner,69781,4094,516,1088.99,2025-12-28 00:00:00
SPEND-0000579,CMP-0023,2025-12-23,Partner,104331,6504,733,2097.77,2025-12-24 00:00:00
SPEND-0000580,CMP-0023,2025-12-25,Partner,160721,9635,1445,1461.23,2026-01-02 00:00:00
SPEND-0000581,CMP-0023,2025-12-28,Partner,110921,3838,283,1583.52,2025-12-29 00:00:00
SPEND-0000582,CMP-0023,2025-12-29,Partner,30786,449,58,857.48,2026-01-04 00:00:00
SPEND-0000583,CMP-0023,2025-12-30,Partner,91296,2720,248,2221.79,2025-12-31 00:00:00
SPEND-0000584,CMP-0023,2025-12-31,Partner,202231,9541,725,1698.24,2026-01-07 00:00:00
SPEND-0000585,CMP-0024,2024-06-24,Organic,136684,9866,363,1936.45,2024-06-24 00:00:00
SPEND-0000586,CMP-0024,2024-06-27,Organic,141689,7050,656,1757.14,2024-06-29 00:00:00
SPEND-0000587,CMP-0024,2024-06-28,Organic,141270,1703,194,2095.57,2024-06-30 00:00:00
SPEND-0000588,CMP-0024,2024-07-01,Organic,82545,5026,121,1501.27,2024-07-06 00:00:00
SPEND-0000589,CMP-0024,2024-07-05,Organic,19200,1040,131,538.06,2024-07-05 00:00:00
SPEND-0000590,CMP-0024,2024-07-06,Organic,19361,534,37,495.18,2024-07-11 00:00:00
SPEND-0000591,CMP-0024,2024-07-07,Organic,117727,8380,1101,1179.76,2024-07-10 00:00:00
SPEND-0000592,CMP-0024,2024-07-11,Organic,14742,789,48,125.12,2024-07-14 00:00:00
SPEND-0000593,CMP-0024,2024-07-14,Organic,95742,2969,259,2240.28,2024-07-22 00:00:00
SPEND-0000594,CMP-0024,2024-07-17,Organic,15802,828,128,346.56,2024-07-19 00:00:00
SPEND-0000595,CMP-0024,2024-07-24,Organic,178113,10555,479,2365.32,2024-07-26 00:00:00
SPEND-0000596,CMP-0024,2024-07-26,Organic,102221,1034,129,1137.69,2024-08-01 00:00:00
SPEND-0000597,CMP-0024,2024-07-30,Organic,112445,2576,172,1377.04,2024-08-03 00:00:00
SPEND-0000598,CMP-0024,2024-08-01,Organic,51493,3108,107,884.64,2024-08-01 00:00:00
SPEND-0000599,CMP-0024,2024-08-02,Organic,47609,2250,245,461.97,2024-08-02 00:00:00
SPEND-0000600,CMP-0024,2024-08-05,Organic,142979,5637,868,1591.13,2024-08-06 00:00:00
SPEND-0000601,CMP-0024,2024-08-07,Organic,59625,994,70,710.29,2024-08-09 00:00:00
SPEND-0000602,CMP-0024,2024-08-08,Organic,169141,11090,565,1694.46,2024-08-10 00:00:00
SPEND-0000603,CMP-0024,2024-08-11,Organic,123710,5426,258,1584.73,2024-08-13 00:00:00
SPEND-0000604,CMP-0024,2024-08-12,Organic,170980,8246,953,1525.79,2024-08-19 00:00:00
SPEND-0000605,CMP-0024,2024-08-14,Organic,44847,3204,328,879.83,2024-08-20 00:00:00
SPEND-0000606,CMP-0024,2024-08-17,Organic,137838,7623,363,2396.63,2024-08-21 00:00:00
SPEND-0000607,CMP-0024,2024-08-18,Organic,74032,4333,358,1101.11,2024-08-23 00:00:00
SPEND-0000608,CMP-0024,2024-08-19,Organic,80455,1767,144,757.29,2024-08-22 00:00:00
SPEND-0000609,CMP-0024,2024-08-21,Organic,79742,4203,603,1062.4,2024-08-21 00:00:00
SPEND-0000610,CMP-0024,2024-08-23,Organic,82156,693,11,1742.55,2024-08-24 00:00:00
SPEND-0000611,CMP-0024,2024-08-29,Organic,230865,6889,751,2158.87,2024-08-29 00:00:00
SPEND-0000612,CMP-0025,2024-07-31,Referral,204919,6398,553,1941.78,2024-07-31 00:00:00
SPEND-0000613,CMP-0025,2024-08-11,Referral,13978,1002,150,242.66,2024-08-19 00:00:00
SPEND-0000614,CMP-0025,2024-08-17,Referral,4535,217,10,122.47,2024-08-23 00:00:00
SPEND-0000615,CMP-0025,2024-11-29,Referral,68692,5094,161,1591.94,2024-12-07 00:00:00
SPEND-0000616,CMP-0025,2024-12-16,Referral,20741,633,68,306.63,2024-12-19 00:00:00
SPEND-0000617,CMP-0025,2025-01-16,Referral,215371,12298,1963,2073.5,2025-01-22 00:00:00
SPEND-0000618,CMP-0025,2025-02-26,Referral,88086,4293,569,1911.75,2025-02-26 00:00:00
SPEND-0000619,CMP-0025,2025-02-28,Referral,72225,1467,210,1614.43,2025-03-08 00:00:00
SPEND-0000620,CMP-0025,2025-05-02,Referral,108623,2691,68,1811.77,2025-05-11 00:00:00
SPEND-0000621,CMP-0025,2025-06-08,Referral,79884,1950,213,1165.48,2025-06-09 00:00:00
SPEND-0000622,CMP-0025,2025-07-01,Referral,20539,1164,48,286.27,2025-07-03 00:00:00
SPEND-0000623,CMP-0025,2025-08-07,Referral,61260,1592,216,1443.79,2025-08-07 00:00:00
SPEND-0000624,CMP-0025,2025-10-20,Referral,58867,2636,132,1625.55,2025-10-21 00:00:00
SPEND-0000625,CMP-0025,2025-10-29,Referral,46420,3443,168,596.19,2025-11-07 00:00:00
SPEND-0000626,CMP-0025,2025-11-21,Referral,90257,6343,483,959.54,2025-11-26 00:00:00
SPEND-0000627,CMP-0025,2025-11-30,Referral,247113,16405,835,2188.11,2025-12-01 00:00:00
SPEND-0000628,CMP-0025,2025-12-18,Referral,44197,1719,145,865.05,2025-12-25 00:00:00
SPEND-0000629,CMP-0026,2025-09-21,Paid Social,22411,720,93,356.53,2025-09-28 00:00:00
SPEND-0000630,CMP-0026,2025-09-22,Paid Social,145118,6424,504,1869.77,2025-10-01 00:00:00
SPEND-0000631,CMP-0026,2025-09-29,Paid Social,274703,16202,2312,2354.17,2025-10-07 00:00:00
SPEND-0000632,CMP-0026,2025-09-30,Paid Social,136237,4292,476,1385.9,2025-10-05 00:00:00
SPEND-0000633,CMP-0026,2025-10-01,Paid Social,120276,3829,410,1061.06,2025-10-05 00:00:00
SPEND-0000634,CMP-0026,2025-10-04,Paid Social,144332,9209,1309,1430.12,2025-10-04 00:00:00
SPEND-0000635,CMP-0026,2025-10-09,Paid Social,106226,3113,477,1251.83,2025-10-17 00:00:00
SPEND-0000636,CMP-0026,2025-10-15,Paid Social,74714,3786,432,674.26,2025-10-21 00:00:00
SPEND-0000637,CMP-0026,2025-10-21,Paid Social,13727,650,25,373.3,2025-10-24 00:00:00
SPEND-0000638,CMP-0026,2025-10-22,Paid Social,92895,3456,467,1481.01,2025-10-28 00:00:00
SPEND-0000639,CMP-0026,2025-10-24,Paid Social,101683,4231,342,1657.42,2025-10-30 00:00:00
SPEND-0000640,CMP-0026,2025-10-26,Paid Social,41363,803,51,911.67,2025-10-26 00:00:00
SPEND-0000641,CMP-0026,2025-10-29,Paid Social,204503,5879,228,2389.94,2025-11-06 00:00:00
SPEND-0000642,CMP-0026,2025-10-30,Paid Social,78485,3396,511,718.52,2025-11-02 00:00:00
SPEND-0000643,CMP-0026,2025-10-31,Paid Social,38348,2497,268,834.75,2025-11-01 00:00:00
SPEND-0000644,CMP-0026,2025-11-05,Paid Social,27074,322,17,438.95,2025-11-11 00:00:00
SPEND-0000645,CMP-0026,2025-11-07,Paid Social,170112,12026,783,1641.16,2025-11-09 00:00:00
SPEND-0000646,CMP-0026,2025-11-08,Paid Social,134626,4777,222,2053.61,2025-11-10 00:00:00
SPEND-0000647,CMP-0026,2025-11-10,Paid Social,10416,211,25,202.79,2025-11-19 00:00:00
SPEND-0000648,CMP-0026,2025-11-11,Paid Social,8453,335,32,232.07,2025-11-17 00:00:00
SPEND-0000649,CMP-0026,2025-11-13,Paid Social,99446,4540,466,1637.4,2025-11-20 00:00:00
SPEND-0000650,CMP-0026,2025-11-14,Paid Social,274346,9107,920,2378.8,2025-11-14 00:00:00
SPEND-0000651,CMP-0026,2025-11-18,Paid Social,102108,1435,57,960.48,2025-11-27 00:00:00
SPEND-0000652,CMP-0026,2025-11-19,Paid Social,77097,4931,667,648.6,2025-11-26 00:00:00
SPEND-0000653,CMP-0026,2025-11-20,Paid Social,24386,1520,116,469.14,2025-11-27 00:00:00
SPEND-0000654,CMP-0026,2025-11-21,Paid Social,166832,10246,1148,1530.99,2025-11-28 00:00:00
SPEND-0000655,CMP-0026,2025-11-22,Paid Social,159739,6584,597,1553.27,2025-11-23 00:00:00
SPEND-0000656,CMP-0026,2025-11-23,Paid Social,211227,11226,779,1921.72,2025-12-02 00:00:00
SPEND-0000657,CMP-0026,2025-11-24,Paid Social,125591,3677,175,2226.19,2025-12-03 00:00:00
SPEND-0000658,CMP-0026,2025-11-28,Paid Social,120766,6642,897,1441.32,2025-12-05 00:00:00
SPEND-0000659,CMP-0026,2025-11-30,Paid Social,68439,2937,423,685.51,2025-12-06 00:00:00
SPEND-0000660,CMP-0027,2024-08-25,Paid Search,74423,4124,542,1015.23,2024-09-03 00:00:00
SPEND-0000661,CMP-0027,2024-08-30,Paid Search,74499,791,17,623.35,2024-09-07 00:00:00
SPEND-0000662,CMP-0027,2024-09-15,Paid Search,123737,8448,676,1388.43,2024-09-16 00:00:00
SPEND-0000663,CMP-0027,2024-11-15,Paid Search,165426,5912,580,1898.79,2024-11-18 00:00:00
SPEND-0000664,CMP-0027,2024-12-11,Paid Search,150066,9482,646,1851.33,2024-12-13 00:00:00
SPEND-0000665,CMP-0027,2025-02-08,Paid Search,39841,1630,99,523.1,2025-02-13 00:00:00
SPEND-0000666,CMP-0027,2025-04-24,Paid Search,66189,2890,52,775.23,2025-04-30 00:00:00
SPEND-0000667,CMP-0027,2025-05-08,Paid Search,113638,7017,843,1627.15,2025-05-12 00:00:00
SPEND-0000668,CMP-0027,2025-07-15,Paid Search,68034,3545,526,690.9,2025-07-22 00:00:00
SPEND-0000669,CMP-0027,2025-08-23,Paid Search,70941,3128,337,1592.19,2025-08-26 00:00:00
SPEND-0000670,CMP-0027,2025-09-15,Paid Search,48178,3043,314,733.32,2025-09-24 00:00:00
SPEND-0000671,CMP-0027,2025-11-25,Paid Search,107357,1074,76,1113.83,2025-12-02 00:00:00
SPEND-0000672,CMP-0027,2025-12-06,Paid Search,32441,2386,242,277.25,2025-12-10 00:00:00
SPEND-0000673,CMP-0028,2024-05-27,Email,126341,4917,717,1935.36,2024-06-03 00:00:00
SPEND-0000674,CMP-0028,2024-06-29,Email,35696,1305,104,778.2,2024-07-04 00:00:00
SPEND-0000675,CMP-0028,2024-07-20,Email,121384,8922,637,1224.98,2024-07-22 00:00:00
SPEND-0000676,CMP-0028,2024-08-17,Email,165299,6036,497,1541.48,2024-08-25 00:00:00
SPEND-0000677,CMP-0028,2024-10-04,Email,73773,1973,146,780.47,2024-10-07 00:00:00
SPEND-0000678,CMP-0028,2024-10-21,Email,178925,7867,205,1985.06,2024-10-26 00:00:00
SPEND-0000679,CMP-0028,2024-11-21,Email,15623,150,7,238.81,2024-11-21 00:00:00
SPEND-0000680,CMP-0028,2024-11-24,Email,59932,3125,103,582.15,2024-12-03 00:00:00
SPEND-0000681,CMP-0028,2025-01-31,Email,20778,208,29,553.37,2025-02-04 00:00:00
SPEND-0000682,CMP-0028,2025-02-11,Email,145646,1884,236,2235.08,2025-02-20 00:00:00
SPEND-0000683,CMP-0028,2025-03-07,Email,38203,1481,39,741.28,2025-03-15 00:00:00
SPEND-0000684,CMP-0028,2025-03-31,Email,110528,5402,100,1249.45,2025-03-31 00:00:00
SPEND-0000685,CMP-0028,2025-04-15,Email,14313,434,52,281.85,2025-04-19 00:00:00
SPEND-0000686,CMP-0028,2025-05-20,Email,50575,1722,139,514.76,2025-05-20 00:00:00
SPEND-0000687,CMP-0028,2025-05-22,Email,19238,591,90,319.3,2025-05-31 00:00:00
SPEND-0000688,CMP-0028,2025-06-12,Email,38324,2691,54,388.5,2025-06-17 00:00:00
SPEND-0000689,CMP-0028,2025-06-30,Email,89678,4452,136,1292.67,2025-07-02 00:00:00
SPEND-0000690,CMP-0028,2025-07-02,Email,104143,5707,680,1363.06,2025-07-03 00:00:00
SPEND-0000691,CMP-0028,2025-07-15,Email,196425,14022,1426,1988.26,2025-07-15 00:00:00
SPEND-0000692,CMP-0028,2025-07-23,Email,166214,2649,361,2200.81,2025-07-30 00:00:00
SPEND-0000693,CMP-0028,2025-07-24,Email,22452,1358,61,354.32,2025-07-25 00:00:00
SPEND-0000694,CMP-0028,2025-09-02,Email,127892,5391,285,2000.55,2025-09-04 00:00:00
SPEND-0000695,CMP-0028,2025-09-03,Email,94114,6185,513,927.09,2025-09-06 00:00:00
SPEND-0000696,CMP-0028,2025-09-29,Email,98108,5758,875,1660.62,2025-10-04 00:00:00
SPEND-0000697,CMP-0028,2025-10-13,Email,31605,533,16,477.56,2025-10-17 00:00:00
SPEND-0000698,CMP-0028,2025-10-22,Email,41680,1434,165,728.76,2025-10-27 00:00:00
SPEND-0000699,CMP-0028,2025-10-27,Email,61170,3795,96,763.48,2025-11-02 00:00:00
SPEND-0000700,CMP-0028,2025-11-25,Email,76124,5407,136,1305.38,2025-11-26 00:00:00
SPEND-0000701,CMP-0028,2025-12-04,Email,29894,250,6,843.24,2025-12-07 00:00:00
SPEND-0000702,CMP-0029,2024-01-23,Referral,8175,213,11,136.38,2024-01-23 00:00:00
SPEND-0000703,CMP-0029,2024-01-29,Referral,106182,1689,124,2134.63,2024-02-02 00:00:00
SPEND-0000704,CMP-0029,2024-01-30,Referral,107711,5570,206,1175.95,2024-02-06 00:00:00
SPEND-0000705,CMP-0029,2024-02-01,Referral,81404,4538,675,1799.2,2024-02-09 00:00:00
SPEND-0000706,CMP-0029,2024-02-02,Referral,44423,3246,277,373.34,2024-02-03 00:00:00
SPEND-0000707,CMP-0029,2024-02-05,Referral,38273,1656,118,428.81,2024-02-10 00:00:00
SPEND-0000708,CMP-0029,2024-02-06,Referral,64158,3305,105,634.36,2024-02-13 00:00:00
SPEND-0000709,CMP-0029,2024-02-07,Referral,84648,3389,281,1071.16,2024-02-14 00:00:00
SPEND-0000710,CMP-0029,2024-02-08,Referral,72184,3412,195,1334.95,2024-02-15 00:00:00
SPEND-0000711,CMP-0029,2024-02-11,Referral,63732,3212,202,533.11,2024-02-18 00:00:00
SPEND-0000712,CMP-0029,2024-02-12,Referral,104863,6200,599,1041.08,2024-02-14 00:00:00
SPEND-0000713,CMP-0029,2024-02-14,Referral,158540,9731,1277,1984.08,2024-02-19 00:00:00
SPEND-0000714,CMP-0029,2024-02-16,Referral,49204,3142,289,504.83,2024-02-21 00:00:00
SPEND-0000715,CMP-0029,2024-02-17,Referral,131889,1112,142,1722.89,2024-02-17 00:00:00
SPEND-0000716,CMP-0029,2024-02-23,Referral,86697,5739,199,2316.63,2024-02-27 00:00:00
SPEND-0000717,CMP-0029,2024-02-24,Referral,18514,373,41,266.5,2024-03-02 00:00:00
SPEND-0000718,CMP-0029,2024-02-26,Referral,216739,5979,759,2020.64,2024-03-03 00:00:00
SPEND-0000719,CMP-0029,2024-02-27,Referral,140823,4505,167,2262.31,2024-03-03 00:00:00
SPEND-0000720,CMP-0029,2024-02-29,Referral,218373,2094,187,2292.68,2024-03-09 00:00:00
SPEND-0000721,CMP-0029,2024-03-01,Referral,89587,3239,92,2104.8,2024-03-04 00:00:00
SPEND-0000722,CMP-0029,2024-03-04,Referral,136182,3979,294,1552.53,2024-03-12 00:00:00
SPEND-0000723,CMP-0029,2024-03-05,Referral,78132,4274,372,1835.79,2024-03-11 00:00:00
SPEND-0000724,CMP-0029,2024-03-06,Referral,56543,2465,239,1549.53,2024-03-10 00:00:00
SPEND-0000725,CMP-0029,2024-03-09,Referral,15256,515,76,339.38,2024-03-14 00:00:00
SPEND-0000726,CMP-0029,2024-03-11,Referral,162233,7154,134,1377.33,2024-03-17 00:00:00
SPEND-0000727,CMP-0030,2025-08-31,Paid Social,45865,1799,148,611.86,2025-09-04 00:00:00
SPEND-0000728,CMP-0030,2025-09-05,Paid Social,76933,2090,253,1201.53,2025-09-10 00:00:00
SPEND-0000729,CMP-0030,2025-09-07,Paid Social,59411,1298,107,1340.27,2025-09-10 00:00:00
SPEND-0000730,CMP-0030,2025-09-10,Paid Social,17320,1146,80,372.04,2025-09-10 00:00:00
SPEND-0000731,CMP-0030,2025-09-18,Paid Social,137427,7609,690,2078.76,2025-09-19 00:00:00
SPEND-0000732,CMP-0030,2025-09-19,Paid Social,237880,13830,1538,2173.46,2025-09-21 00:00:00
SPEND-0000733,CMP-0030,2025-09-20,Paid Social,51319,1856,223,1108.02,2025-09-29 00:00:00
SPEND-0000734,CMP-0030,2025-09-21,Paid Social,208855,3928,103,2359.85,2025-09-25 00:00:00
SPEND-0000735,CMP-0030,2025-09-22,Paid Social,46838,3408,539,578.53,2025-09-27 00:00:00
SPEND-0000736,CMP-0030,2025-09-25,Paid Social,76634,5432,594,641.93,2025-10-02 00:00:00
SPEND-0000737,CMP-0030,2025-10-01,Paid Social,6555,265,15,116.53,2025-10-02 00:00:00
SPEND-0000738,CMP-0030,2025-10-02,Paid Social,166364,6204,119,1403.57,2025-10-08 00:00:00
SPEND-0000739,CMP-0030,2025-10-09,Paid Social,9516,236,26,196.45,2025-10-18 00:00:00
SPEND-0000740,CMP-0030,2025-10-11,Paid Social,72088,3853,371,2035.87,2025-10-17 00:00:00
SPEND-0000741,CMP-0030,2025-10-13,Paid Social,58014,1033,18,675.39,2025-10-17 00:00:00
SPEND-0000742,CMP-0030,2025-10-16,Paid Social,127618,7772,382,1559.22,2025-10-20 00:00:00
SPEND-0000743,CMP-0030,2025-10-22,Paid Social,74295,2524,321,873.72,2025-10-28 00:00:00
SPEND-0000744,CMP-0030,2025-10-23,Paid Social,194362,10680,1011,1866.42,2025-10-23 00:00:00
SPEND-0000745,CMP-0030,2025-10-26,Paid Social,30677,2079,332,647.01,2025-11-03 00:00:00
SPEND-0000746,CMP-0030,2025-10-27,Paid Social,52632,1143,133,966.64,2025-10-28 00:00:00
SPEND-0000747,CMP-0030,2025-11-08,Paid Social,155011,9972,1413,2251.11,2025-11-13 00:00:00
SPEND-0000748,CMP-0030,2025-11-13,Paid Social,80440,4907,180,1887.44,2025-11-19 00:00:00
SPEND-0000749,CMP-0030,2025-11-20,Paid Social,204653,5539,468,1760.51,2025-11-27 00:00:00
SPEND-0000750,CMP-0030,2025-11-26,Paid Social,19027,1124,162,519.84,2025-11-30 00:00:00
SPEND-0000751,CMP-0030,2025-11-30,Paid Social,64745,3173,196,702.57,2025-12-01 00:00:00
SPEND-0000752,CMP-0030,2025-12-01,Paid Social,144370,10799,1464,2098.99,2025-12-03 00:00:00
SPEND-0000753,CMP-0030,2025-12-03,Paid Social,107857,3860,126,2015.73,2025-12-04 00:00:00
SPEND-0000754,CMP-0030,2025-12-08,Paid Social,212587,6480,371,2395.31,2025-12-11 00:00:00
SPEND-0000755,CMP-0030,2025-12-13,Paid Social,25562,494,33,575.82,2025-12-13 00:00:00
SPEND-0000756,CMP-0030,2025-12-14,Paid Social,46357,1240,98,966.76,2025-12-18 00:00:00
SPEND-0000757,CMP-0030,2025-12-17,Paid Social,10803,661,29,275.15,2025-12-25 00:00:00
SPEND-0000758,CMP-0030,2025-12-18,Paid Social,15841,1014,151,312.54,2025-12-21 00:00:00
SPEND-0000759,CMP-0030,2025-12-19,Paid Social,54994,3000,133,1036.09,2025-12-25 00:00:00
SPEND-0000760,CMP-0030,2025-12-20,Paid Social,172093,4309,264,1671.02,2025-12-26 00:00:00
SPEND-0000761,CMP-0031,2025-11-04,Paid Search,83563,713,105,696.39,2025-11-04 00:00:00
SPEND-0000762,CMP-0031,2025-11-05,Paid Search,191374,8667,449,1976.15,2025-11-10 00:00:00
SPEND-0000763,CMP-0031,2025-11-06,Paid Search,17594,1178,43,212.68,2025-11-07 00:00:00
SPEND-0000764,CMP-0031,2025-11-07,Paid Search,30335,1508,189,636.44,2025-11-14 00:00:00
SPEND-0000765,CMP-0031,2025-11-08,Paid Search,59478,2270,359,629.05,2025-11-16 00:00:00
SPEND-0000766,CMP-0031,2025-11-09,Paid Search,74792,2123,240,1710.52,2025-11-11 00:00:00
SPEND-0000767,CMP-0031,2025-11-10,Paid Search,59668,1499,92,989.67,2025-11-16 00:00:00
SPEND-0000768,CMP-0031,2025-11-11,Paid Search,18646,352,16,282.56,2025-11-13 00:00:00
SPEND-0000769,CMP-0031,2025-11-12,Paid Search,37277,1953,275,479.62,2025-11-14 00:00:00
SPEND-0000770,CMP-0031,2025-11-13,Paid Search,51116,1535,141,1294.99,2025-11-16 00:00:00
SPEND-0000771,CMP-0031,2025-11-14,Paid Search,60353,3454,426,608.11,2025-11-21 00:00:00
SPEND-0000772,CMP-0031,2025-11-15,Paid Search,88881,4202,231,1623.51,2025-11-24 00:00:00
SPEND-0000773,CMP-0031,2025-11-16,Paid Search,18590,1233,78,200.89,2025-11-25 00:00:00
SPEND-0000774,CMP-0031,2025-11-17,Paid Search,29733,1270,53,668.17,2025-11-26 00:00:00
SPEND-0000775,CMP-0031,2025-11-18,Paid Search,64801,3521,521,1408.07,2025-11-23 00:00:00
SPEND-0000776,CMP-0031,2025-11-19,Paid Search,106768,6742,832,2240.12,2025-11-20 00:00:00
SPEND-0000777,CMP-0031,2025-11-20,Paid Search,54719,2402,324,651.6,2025-11-29 00:00:00
SPEND-0000778,CMP-0031,2025-11-21,Paid Search,20299,774,122,255.62,2025-11-25 00:00:00
SPEND-0000779,CMP-0031,2025-11-22,Paid Search,216121,5187,576,2296.84,2025-11-30 00:00:00
SPEND-0000780,CMP-0031,2025-11-23,Paid Search,121139,5702,169,2016.35,2025-11-29 00:00:00
SPEND-0000781,CMP-0031,2025-11-24,Paid Search,79427,2915,59,1004.01,2025-11-25 00:00:00
SPEND-0000782,CMP-0031,2025-11-25,Paid Search,117429,8126,401,1951.2,2025-12-04 00:00:00
SPEND-0000783,CMP-0031,2025-11-26,Paid Search,41898,2045,40,1140.28,2025-12-02 00:00:00
SPEND-0000784,CMP-0031,2025-11-27,Paid Search,18695,772,110,204.95,2025-12-05 00:00:00
SPEND-0000785,CMP-0031,2025-11-28,Paid Search,87108,6077,284,2369.96,2025-12-02 00:00:00
SPEND-0000786,CMP-0032,2024-02-03,Referral,49897,2182,312,1272.66,2024-02-06 00:00:00
SPEND-0000787,CMP-0032,2024-02-10,Referral,88737,5280,769,1334.92,2024-02-19 00:00:00
SPEND-0000788,CMP-0032,2024-03-02,Referral,128325,4697,377,1200.96,2024-03-09 00:00:00
SPEND-0000789,CMP-0032,2024-04-05,Referral,61033,4063,623,1083.01,2024-04-10 00:00:00
SPEND-0000790,CMP-0032,2024-04-06,Referral,137160,3186,368,1343.93,2024-04-15 00:00:00
SPEND-0000791,CMP-0032,2024-05-04,Referral,36639,368,21,479.43,2024-05-07 00:00:00
SPEND-0000792,CMP-0032,2024-05-24,Referral,46315,1909,217,599.88,2024-05-31 00:00:00
SPEND-0000793,CMP-0032,2024-06-08,Referral,42825,2640,381,1103.53,2024-06-09 00:00:00
SPEND-0000794,CMP-0032,2024-06-09,Referral,188232,12211,996,2378.35,2024-06-16 00:00:00
SPEND-0000795,CMP-0032,2024-08-02,Referral,78939,3773,568,2026.43,2024-08-04 00:00:00
SPEND-0000796,CMP-0032,2024-09-15,Referral,40047,601,52,709.38,2024-09-17 00:00:00
SPEND-0000797,CMP-0032,2024-09-23,Referral,80582,2963,402,1264.17,2024-09-29 00:00:00
SPEND-0000798,CMP-0032,2024-10-14,Referral,142284,7210,970,2269.83,2024-10-17 00:00:00
SPEND-0000799,CMP-0032,2024-10-18,Referral,195844,4807,492,2141.81,2024-10-24 00:00:00
SPEND-0000800,CMP-0032,2024-11-24,Referral,87769,1179,159,1375.97,2024-11-30 00:00:00
SPEND-0000801,CMP-0032,2024-11-30,Referral,14127,733,49,146.16,2024-12-07 00:00:00
SPEND-0000802,CMP-0032,2024-12-13,Referral,201647,13248,346,1912.19,2024-12-18 00:00:00
SPEND-0000803,CMP-0032,2024-12-21,Referral,14587,528,65,150.23,2024-12-24 00:00:00
SPEND-0000804,CMP-0032,2025-01-04,Referral,78083,5562,484,1922.32,2025-01-10 00:00:00
SPEND-0000805,CMP-0032,2025-01-06,Referral,25671,993,150,396.15,2025-01-15 00:00:00
SPEND-0000806,CMP-0032,2025-01-26,Referral,26412,446,21,323.74,2025-01-29 00:00:00
SPEND-0000807,CMP-0032,2025-03-12,Referral,43362,2293,303,730.4,2025-03-18 00:00:00
SPEND-0000808,CMP-0032,2025-03-16,Referral,8600,372,54,159.01,2025-03-20 00:00:00
SPEND-0000809,CMP-0032,2025-03-20,Referral,32246,710,61,749.97,2025-03-23 00:00:00
SPEND-0000810,CMP-0032,2025-04-07,Referral,65116,1837,91,761.8,2025-04-08 00:00:00
SPEND-0000811,CMP-0032,2025-04-12,Referral,199659,9162,1396,1764.36,2025-04-18 00:00:00
SPEND-0000812,CMP-0032,2025-04-17,Referral,46519,1810,208,581.94,2025-04-22 00:00:00
SPEND-0000813,CMP-0032,2025-04-20,Referral,27622,1480,176,382.14,2025-04-22 00:00:00
SPEND-0000814,CMP-0032,2025-05-15,Referral,148043,2770,359,1643.8,2025-05-23 00:00:00
SPEND-0000815,CMP-0032,2025-06-09,Referral,13509,348,11,238.31,2025-06-14 00:00:00
SPEND-0000816,CMP-0032,2025-08-23,Referral,45113,1720,129,407.31,2025-08-27 00:00:00
SPEND-0000817,CMP-0032,2025-09-07,Referral,57354,1249,34,924.6,2025-09-15 00:00:00
SPEND-0000818,CMP-0032,2025-09-21,Referral,56601,2591,259,541.22,2025-09-29 00:00:00
SPEND-0000819,CMP-0032,2025-11-11,Referral,111072,3987,251,1220.47,2025-11-14 00:00:00
SPEND-0000820,CMP-0032,2025-12-27,Referral,35147,1624,41,663.39,2025-12-29 00:00:00
SPEND-0000821,CMP-0033,2025-08-01,Paid Search,238587,8133,150,2241.32,2025-08-05 00:00:00
SPEND-0000822,CMP-0033,2025-08-02,Paid Search,74864,2205,179,1346.64,2025-08-04 00:00:00
SPEND-0000823,CMP-0033,2025-08-05,Paid Search,149557,8493,505,1815.16,2025-08-13 00:00:00
SPEND-0000824,CMP-0033,2025-08-12,Paid Search,50211,578,22,1223.39,2025-08-16 00:00:00
SPEND-0000825,CMP-0033,2025-08-24,Paid Search,194105,2080,219,2219.3,2025-08-31 00:00:00
SPEND-0000826,CMP-0033,2025-08-27,Paid Search,78844,4491,302,718.64,2025-09-01 00:00:00
SPEND-0000827,CMP-0033,2025-08-30,Paid Search,199034,5570,705,1747.18,2025-09-03 00:00:00
SPEND-0000828,CMP-0033,2025-09-02,Paid Search,92778,2295,105,1676.34,2025-09-05 00:00:00
SPEND-0000829,CMP-0033,2025-09-05,Paid Search,36807,915,61,800.55,2025-09-06 00:00:00
SPEND-0000830,CMP-0033,2025-09-16,Paid Search,98798,2893,92,1370.84,2025-09-18 00:00:00
SPEND-0000831,CMP-0033,2025-09-19,Paid Search,177034,8140,574,2029.06,2025-09-24 00:00:00
SPEND-0000832,CMP-0033,2025-09-26,Paid Search,120771,3316,508,1312.36,2025-10-01 00:00:00
SPEND-0000833,CMP-0033,2025-10-09,Paid Search,101621,6332,146,857.73,2025-10-09 00:00:00
SPEND-0000834,CMP-0033,2025-10-19,Paid Search,85638,3846,578,916.49,2025-10-28 00:00:00
SPEND-0000835,CMP-0033,2025-10-29,Paid Search,139191,10424,915,1610.26,2025-11-05 00:00:00
SPEND-0000836,CMP-0033,2025-11-05,Paid Search,8982,387,53,91.55,2025-11-08 00:00:00
SPEND-0000837,CMP-0033,2025-11-11,Paid Search,41483,2874,80,457.08,2025-11-15 00:00:00
SPEND-0000838,CMP-0034,2024-03-23,Paid Social,16260,1018,91,348.47,2024-04-01 00:00:00
SPEND-0000839,CMP-0034,2024-03-24,Paid Social,240724,8033,355,2222.26,2024-03-26 00:00:00
SPEND-0000840,CMP-0034,2024-03-26,Paid Social,84812,2534,212,903.23,2024-03-29 00:00:00
SPEND-0000841,CMP-0034,2024-03-27,Paid Social,166744,11383,807,2266.73,2024-04-05 00:00:00
SPEND-0000842,CMP-0034,2024-03-28,Paid Social,63567,1560,180,1198.01,2024-03-28 00:00:00
SPEND-0000843,CMP-0034,2024-03-30,Paid Social,125538,3621,527,1404.04,2024-04-06 00:00:00
SPEND-0000844,CMP-0034,2024-03-31,Paid Social,183635,10971,910,1685.69,2024-04-08 00:00:00
SPEND-0000845,CMP-0034,2024-04-02,Paid Social,26657,1283,51,403.49,2024-04-08 00:00:00
SPEND-0000846,CMP-0034,2024-04-09,Paid Social,133281,9260,1248,1985.23,2024-04-13 00:00:00
SPEND-0000847,CMP-0034,2024-04-11,Paid Social,4126,55,3,101.43,2024-04-13 00:00:00
SPEND-0000848,CMP-0034,2024-04-13,Paid Social,9597,451,57,128.62,2024-04-19 00:00:00
SPEND-0000849,CMP-0034,2024-04-17,Paid Social,16849,780,85,142.01,2024-04-25 00:00:00
SPEND-0000850,CMP-0034,2024-04-18,Paid Social,45364,1409,103,601.85,2024-04-22 00:00:00
SPEND-0000851,CMP-0034,2024-04-21,Paid Social,29050,1671,90,461.18,2024-04-24 00:00:00
SPEND-0000852,CMP-0034,2024-04-22,Paid Social,134339,9828,661,1802.3,2024-04-25 00:00:00
SPEND-0000853,CMP-0034,2024-04-23,Paid Social,8526,216,30,196.64,2024-05-02 00:00:00
SPEND-0000854,CMP-0034,2024-04-24,Paid Social,103784,882,118,1781.04,2024-04-28 00:00:00
SPEND-0000855,CMP-0034,2024-05-04,Paid Social,25338,1851,127,684.42,2024-05-12 00:00:00
SPEND-0000856,CMP-0034,2024-05-05,Paid Social,71262,4115,161,607.98,2024-05-07 00:00:00
SPEND-0000857,CMP-0034,2024-05-07,Paid Social,72253,3842,129,1058.14,2024-05-11 00:00:00
SPEND-0000858,CMP-0034,2024-05-19,Paid Social,89154,4433,163,1102.86,2024-05-25 00:00:00
SPEND-0000859,CMP-0034,2024-05-21,Paid Social,159720,5208,769,1371.22,2024-05-29 00:00:00
SPEND-0000860,CMP-0034,2024-05-22,Paid Social,35852,2153,167,305.03,2024-05-28 00:00:00
SPEND-0000861,CMP-0034,2024-05-23,Paid Social,138026,6959,547,1948.08,2024-05-23 00:00:00
SPEND-0000862,CMP-0034,2024-05-27,Paid Social,25264,1874,97,605.9,2024-05-27 00:00:00
SPEND-0000863,CMP-0034,2024-05-28,Paid Social,142355,3751,473,1404.77,2024-06-01 00:00:00
SPEND-0000864,CMP-0034,2024-06-02,Paid Social,38701,2653,387,370.41,2024-06-06 00:00:00
SPEND-0000865,CMP-0034,2024-06-06,Paid Social,136701,8354,1192,1235.44,2024-06-06 00:00:00
SPEND-0000866,CMP-0034,2024-06-07,Paid Social,186886,2246,98,1740.2,2024-06-07 00:00:00
SPEND-0000867,CMP-0034,2024-06-08,Paid Social,99483,6159,296,1968.19,2024-06-15 00:00:00
SPEND-0000868,CMP-0034,2024-06-13,Paid Social,128090,7627,593,1621.25,2024-06-17 00:00:00
SPEND-0000869,CMP-0035,2024-03-17,Email,183602,6582,234,1653.36,2024-03-26 00:00:00
SPEND-0000870,CMP-0035,2024-04-17,Email,77318,5125,553,1661.67,2024-04-18 00:00:00
SPEND-0000871,CMP-0035,2024-10-08,Email,22280,600,13,378.26,2024-10-12 00:00:00
SPEND-0000872,CMP-0035,2024-11-14,Email,36343,383,32,419.07,2024-11-14 00:00:00
SPEND-0000873,CMP-0035,2024-12-06,Email,77980,3014,374,652.09,2024-12-11 00:00:00
SPEND-0000874,CMP-0035,2024-12-29,Email,22595,291,16,596.17,2024-12-31 00:00:00
SPEND-0000875,CMP-0035,2025-02-27,Email,33307,537,77,524.92,2025-03-02 00:00:00
SPEND-0000876,CMP-0035,2025-03-19,Email,76379,5289,797,786.16,2025-03-24 00:00:00
SPEND-0000877,CMP-0035,2025-04-17,Email,93770,6859,851,837.02,2025-04-22 00:00:00
SPEND-0000878,CMP-0035,2025-06-20,Email,69883,3493,171,1422.32,2025-06-21 00:00:00
SPEND-0000879,CMP-0035,2025-08-18,Email,69629,2926,207,1009.38,2025-08-19 00:00:00
SPEND-0000880,CMP-0035,2025-08-22,Email,12772,359,36,168.2,2025-08-27 00:00:00
SPEND-0000881,CMP-0035,2025-08-28,Email,109782,6329,821,1018.86,2025-09-01 00:00:00
SPEND-0000882,CMP-0035,2025-09-23,Email,170384,8572,164,1551.7,2025-10-02 00:00:00
SPEND-0000883,CMP-0035,2025-09-29,Email,156495,6660,328,1412.95,2025-10-04 00:00:00
SPEND-0000884,CMP-0035,2025-10-22,Email,79802,3615,193,1124.99,2025-10-30 00:00:00
SPEND-0000885,CMP-0035,2025-10-30,Email,176677,11453,1768,2309.25,2025-11-02 00:00:00
SPEND-0000886,CMP-0035,2025-11-24,Email,134423,2861,376,1959.17,2025-12-02 00:00:00
SPEND-0000887,CMP-0036,2024-09-07,Paid Search,54088,1795,78,598.56,2024-09-07 00:00:00
SPEND-0000888,CMP-0036,2024-10-20,Paid Search,152683,9857,1528,2203.11,2024-10-26 00:00:00
SPEND-0000889,CMP-0036,2024-11-21,Paid Search,219308,13168,551,2279.07,2024-11-21 00:00:00
SPEND-0000890,CMP-0036,2024-11-29,Paid Search,36826,671,79,489.53,2024-12-05 00:00:00
SPEND-0000891,CMP-0036,2024-12-06,Paid Search,138999,5927,251,2286.96,2024-12-15 00:00:00
SPEND-0000892,CMP-0036,2024-12-13,Paid Search,50337,2143,114,860.37,2024-12-18 00:00:00
SPEND-0000893,CMP-0036,2025-01-26,Paid Search,32336,344,28,695.64,2025-01-26 00:00:00
SPEND-0000894,CMP-0036,2025-01-28,Paid Search,175490,3827,99,1567.8,2025-02-04 00:00:00
SPEND-0000895,CMP-0036,2025-02-14,Paid Search,144392,5669,798,1280.42,2025-02-21 00:00:00
SPEND-0000896,CMP-0036,2025-02-22,Paid Search,27591,982,138,230.9,2025-02-22 00:00:00
SPEND-0000897,CMP-0036,2025-02-23,Paid Search,43753,394,37,514.82,2025-02-23 00:00:00
SPEND-0000898,CMP-0036,2025-03-05,Paid Search,56717,3298,349,708.38,2025-03-11 00:00:00
SPEND-0000899,CMP-0036,2025-03-17,Paid Search,84924,3734,331,885.47,2025-03-24 00:00:00
SPEND-0000900,CMP-0036,2025-04-05,Paid Search,119279,4521,275,1532.72,2025-04-12 00:00:00
SPEND-0000901,CMP-0036,2025-04-27,Paid Search,26887,327,46,767.45,2025-05-03 00:00:00
SPEND-0000902,CMP-0036,2025-05-26,Paid Search,237842,9025,490,2043.52,2025-05-28 00:00:00
SPEND-0000903,CMP-0036,2025-06-16,Paid Search,167307,5343,678,1491.31,2025-06-25 00:00:00
SPEND-0000904,CMP-0036,2025-08-03,Paid Search,171756,4166,564,1888.88,2025-08-11 00:00:00
SPEND-0000905,CMP-0036,2025-08-04,Paid Search,148356,2245,176,1829.46,2025-08-08 00:00:00
SPEND-0000906,CMP-0036,2025-08-09,Paid Search,109127,6992,426,959.17,2025-08-17 00:00:00
SPEND-0000907,CMP-0036,2025-08-21,Paid Search,100222,3714,275,1104.05,2025-08-27 00:00:00
SPEND-0000908,CMP-0036,2025-08-28,Paid Search,218039,2406,43,1883.89,2025-09-06 00:00:00
SPEND-0000909,CMP-0036,2025-08-29,Paid Search,198199,5452,458,1756.06,2025-09-03 00:00:00
SPEND-0000910,CMP-0036,2025-09-08,Paid Search,127931,1586,218,1998.47,2025-09-13 00:00:00
SPEND-0000911,CMP-0036,2025-09-16,Paid Search,134110,6711,1004,2372.8,2025-09-18 00:00:00
SPEND-0000912,CMP-0036,2025-09-20,Paid Search,48947,1801,165,687.12,2025-09-21 00:00:00
SPEND-0000913,CMP-0036,2025-09-28,Paid Search,116429,3296,347,1317.32,2025-10-01 00:00:00
SPEND-0000914,CMP-0036,2025-10-06,Paid Search,32044,424,59,560.71,2025-10-08 00:00:00
SPEND-0000915,CMP-0036,2025-10-14,Paid Search,69648,2250,195,756.78,2025-10-18 00:00:00
SPEND-0000916,CMP-0036,2025-11-04,Paid Search,54097,3947,64,931.45,2025-11-12 00:00:00
SPEND-0000917,CMP-0036,2025-12-14,Paid Search,120531,4972,494,1622.97,2025-12-17 00:00:00
SPEND-0000918,CMP-0036,2025-12-29,Paid Search,80801,971,61,1848.69,2025-12-29 00:00:00
